"Any","Mes","Desc_Mes","Temperatura"
1780,01,"Gener","6.7"
1780,02,"Febrer","7.3"
1780,03,"Març","11.6"
1780,04,"Abril","11.4"
1780,05,"Maig","16.3"
1780,06,"Juny","19.1"
1780,07,"Juliol","21.4"
1780,08,"Agost","22.0"
1780,09,"Setembre","20.3"
1780,10,"Octubre","16.3"
1780,11,"Novembre","9.2"
1780,12,"Desembre","7.3"
1781,01,"Gener","7.5"
1781,02,"Febrer","8.9"
1781,03,"Març","10.9"
1781,04,"Abril","13.7"
1781,05,"Maig","16.8"
1781,06,"Juny","18.0"
1781,07,"Juliol","22.0"
1781,08,"Agost","22.6"
1781,09,"Setembre","19.1"
1781,10,"Octubre","15.0"
1781,11,"Novembre","11.8"
1781,12,"Desembre","10.3"
1782,01,"Gener","8.2"
1782,02,"Febrer","6.1"
1782,03,"Març","9.8"
1782,04,"Abril","10.5"
1782,05,"Maig","15.4"
1782,06,"Juny","20.1"
1782,07,"Juliol","22.3"
1782,08,"Agost","22.6"
1782,09,"Setembre","19.9"
1782,10,"Octubre","13.8"
1782,11,"Novembre","7.4"
1782,12,"Desembre","7.5"
1783,01,"Gener","8.3"
1783,02,"Febrer","8.6"
1783,03,"Març","9.6"
1783,04,"Abril","12.4"
1783,05,"Maig","15.0"
1783,06,"Juny","19.1"
1783,07,"Juliol","22.9"
1783,08,"Agost","21.4"
1783,09,"Setembre","18.6"
1783,10,"Octubre","15.5"
1783,11,"Novembre","11.0"
1783,12,"Desembre","10.4"
1784,01,"Gener","7.3"
1784,02,"Febrer","7.1"
1784,03,"Març","10.8"
1784,04,"Abril","10.7"
1784,05,"Maig","16.7"
1784,06,"Juny","20.7"
1784,07,"Juliol","22.0"
1784,08,"Agost","20.5"
1784,09,"Setembre","20.0"
1784,10,"Octubre","13.8"
1784,11,"Novembre","8.5"
1784,12,"Desembre","5.3"
1785,01,"Gener","9.0"
1785,02,"Febrer","6.4"
1785,03,"Març","7.9"
1785,04,"Abril","11.0"
1785,05,"Maig","16.0"
1785,06,"Juny","20.3"
1785,07,"Juliol","21.0"
1785,08,"Agost","21.7"
1785,09,"Setembre","21.6"
1785,10,"Octubre","16.8"
1785,11,"Novembre","10.3"
1785,12,"Desembre","7.9"
1786,01,"Gener","7.8"
1786,02,"Febrer","8.3"
1786,03,"Març","9.9"
1786,04,"Abril","12.8"
1786,05,"Maig","16.8"
1786,06,"Juny","20.2"
1786,07,"Juliol","20.9"
1786,08,"Agost","21.1"
1786,09,"Setembre","19.5"
1786,10,"Octubre","15.5"
1786,11,"Novembre","9.2"
1786,12,"Desembre","8.3"
1787,01,"Gener","5.4"
1787,02,"Febrer","7.8"
1787,03,"Març","11.3"
1787,04,"Abril","12.1"
1787,05,"Maig","14.7"
1787,06,"Juny","19.2"
1787,07,"Juliol","21.0"
1787,08,"Agost","21.8"
1787,09,"Setembre","19.4"
1787,10,"Octubre","15.5"
1787,11,"Novembre","9.3"
1787,12,"Desembre","10.8"
1788,01,"Gener","6.4"
1788,02,"Febrer","10.1"
1788,03,"Març","10.4"
1788,04,"Abril","12.5"
1788,05,"Maig","17.1"
1788,06,"Juny","19.2"
1788,07,"Juliol","22.1"
1788,08,"Agost","23.0"
1788,09,"Setembre","19.1"
1788,10,"Octubre","15.5"
1788,11,"Novembre","10.5"
1788,12,"Desembre","5.4"
1789,01,"Gener","6.9"
1789,02,"Febrer","9.3"
1789,03,"Març","8.7"
1789,04,"Abril","13.3"
1789,05,"Maig","17.7"
1789,06,"Juny","18.5"
1789,07,"Juliol","20.9"
1789,08,"Agost","21.9"
1789,09,"Setembre","20.0"
1789,10,"Octubre","14.7"
1789,11,"Novembre","7.8"
1789,12,"Desembre","7.3"
1790,01,"Gener","7.4"
1790,02,"Febrer","9.5"
1790,03,"Març","10.4"
1790,04,"Abril","12.3"
1790,05,"Maig","15.0"
1790,06,"Juny","19.0"
1790,07,"Juliol","20.8"
1790,08,"Agost","23.1"
1790,09,"Setembre","19.3"
1790,10,"Octubre","17.1"
1790,11,"Novembre","11.7"
1790,12,"Desembre","7.9"
1791,01,"Gener","9.5"
1791,02,"Febrer","6.9"
1791,03,"Març","11.1"
1791,04,"Abril","14.7"
1791,05,"Maig","13.7"
1791,06,"Juny","18.4"
1791,07,"Juliol","21.2"
1791,08,"Agost","23.6"
1791,09,"Setembre","20.7"
1791,10,"Octubre","14.7"
1791,11,"Novembre","9.9"
1791,12,"Desembre","8.9"
1792,01,"Gener","8.7"
1792,02,"Febrer","8.9"
1792,03,"Març","11.4"
1792,04,"Abril","14.0"
1792,05,"Maig","16.2"
1792,06,"Juny","19.5"
1792,07,"Juliol","21.9"
1792,08,"Agost","22.6"
1792,09,"Setembre","17.9"
1792,10,"Octubre","15.7"
1792,11,"Novembre","10.8"
1792,12,"Desembre","8.1"
1793,01,"Gener","6.7"
1793,02,"Febrer","8.8"
1793,03,"Març","9.6"
1793,04,"Abril","11.0"
1793,05,"Maig","14.9"
1793,06,"Juny","18.4"
1793,07,"Juliol","23.1"
1793,08,"Agost","23.5"
1793,09,"Setembre","18.9"
1793,10,"Octubre","16.5"
1793,11,"Novembre","11.6"
1793,12,"Desembre","8.5"
1794,01,"Gener","7.0"
1794,02,"Febrer","9.7"
1794,03,"Març","11.2"
1794,04,"Abril","14.5"
1794,05,"Maig","15.8"
1794,06,"Juny","18.5"
1794,07,"Juliol","23.8"
1794,08,"Agost","22.5"
1794,09,"Setembre","19.2"
1794,10,"Octubre","15.0"
1794,11,"Novembre","11.8"
1794,12,"Desembre","7.0"
1795,01,"Gener","6.3"
1795,02,"Febrer","8.3"
1795,03,"Març","9.7"
1795,04,"Abril","12.7"
1795,05,"Maig","17.9"
1795,06,"Juny","17.8"
1795,07,"Juliol","19.9"
1795,08,"Agost","22.3"
1795,09,"Setembre","19.8"
1795,10,"Octubre","17.7"
1795,11,"Novembre","9.0"
1795,12,"Desembre","9.7"
1796,01,"Gener","9.0"
1796,02,"Febrer","7.9"
1796,03,"Març","6.7"
1796,04,"Abril","12.1"
1796,05,"Maig","15.5"
1796,06,"Juny","19.4"
1796,07,"Juliol","21.0"
1796,08,"Agost","21.9"
1796,09,"Setembre","19.2"
1796,10,"Octubre","15.3"
1796,11,"Novembre","9.3"
1796,12,"Desembre","7.7"
1797,01,"Gener","6.8"
1797,02,"Febrer","8.7"
1797,03,"Març","8.3"
1797,04,"Abril","12.2"
1797,05,"Maig","16.4"
1797,06,"Juny","17.0"
1797,07,"Juliol","22.3"
1797,08,"Agost","23.3"
1797,09,"Setembre","19.3"
1797,10,"Octubre","14.5"
1797,11,"Novembre","10.3"
1797,12,"Desembre","9.4"
1798,01,"Gener","7.1"
1798,02,"Febrer","8.6"
1798,03,"Març","9.9"
1798,04,"Abril","12.7"
1798,05,"Maig","16.6"
1798,06,"Juny","19.9"
1798,07,"Juliol","22.9"
1798,08,"Agost","23.7"
1798,09,"Setembre","20.6"
1798,10,"Octubre","17.4"
1798,11,"Novembre","12.1"
1798,12,"Desembre","9.4"
1799,01,"Gener","7.4"
1799,02,"Febrer","11.7"
1799,03,"Març","10.7"
1799,04,"Abril","12.3"
1799,05,"Maig","15.6"
1799,06,"Juny","18.7"
1799,07,"Juliol","22.0"
1799,08,"Agost","22.0"
1799,09,"Setembre","19.6"
1799,10,"Octubre","15.9"
1799,11,"Novembre","11.9"
1799,12,"Desembre","6.2"
1800,01,"Gener","7.5"
1800,02,"Febrer","8.9"
1800,03,"Març","9.1"
1800,04,"Abril","13.3"
1800,05,"Maig","16.4"
1800,06,"Juny","17.9"
1800,07,"Juliol","23.2"
1800,08,"Agost","22.3"
1800,09,"Setembre","18.8"
1800,10,"Octubre","14.5"
1800,11,"Novembre","10.1"
1800,12,"Desembre","8.2"
1801,01,"Gener","7.2"
1801,02,"Febrer","7.7"
1801,03,"Març","10.7"
1801,04,"Abril","11.7"
1801,05,"Maig","16.0"
1801,06,"Juny","19.0"
1801,07,"Juliol","21.2"
1801,08,"Agost","22.4"
1801,09,"Setembre","18.6"
1801,10,"Octubre","14.4"
1801,11,"Novembre","9.8"
1801,12,"Desembre","9.3"
1802,01,"Gener","3.6"
1802,02,"Febrer","7.1"
1802,03,"Març","9.0"
1802,04,"Abril","12.3"
1802,05,"Maig","15.2"
1802,06,"Juny","20.6"
1802,07,"Juliol","21.4"
1802,08,"Agost","23.7"
1802,09,"Setembre","21.0"
1802,10,"Octubre","15.9"
1802,11,"Novembre","10.9"
1802,12,"Desembre","8.1"
1803,01,"Gener","6.9"
1803,02,"Febrer","5.0"
1803,03,"Març","8.1"
1803,04,"Abril","12.7"
1803,05,"Maig","14.2"
1803,06,"Juny","20.5"
1803,07,"Juliol","22.4"
1803,08,"Agost","23.2"
1803,09,"Setembre","18.9"
1803,10,"Octubre","15.0"
1803,11,"Novembre","11.1"
1803,12,"Desembre","8.2"
1804,01,"Gener","9.7"
1804,02,"Febrer","6.0"
1804,03,"Març","9.6"
1804,04,"Abril","11.7"
1804,05,"Maig","17.2"
1804,06,"Juny","21.3"
1804,07,"Juliol","21.0"
1804,08,"Agost","21.6"
1804,09,"Setembre","20.4"
1804,10,"Octubre","15.0"
1804,11,"Novembre","12.1"
1804,12,"Desembre","9.5"
1805,01,"Gener","6.7"
1805,02,"Febrer","8.1"
1805,03,"Març","9.9"
1805,04,"Abril","11.1"
1805,05,"Maig","15.1"
1805,06,"Juny","18.4"
1805,07,"Juliol","21.3"
1805,08,"Agost","21.6"
1805,09,"Setembre","19.5"
1805,10,"Octubre","14.7"
1805,11,"Novembre","10.9"
1805,12,"Desembre","6.5"
1806,01,"Gener","6.8"
1806,02,"Febrer","8.3"
1806,03,"Març","9.9"
1806,04,"Abril","9.5"
1806,05,"Maig","15.4"
1806,06,"Juny","20.5"
1806,07,"Juliol","21.5"
1806,08,"Agost","21.6"
1806,09,"Setembre","17.9"
1806,10,"Octubre","16.3"
1806,11,"Novembre","10.4"
1806,12,"Desembre","9.4"
1807,01,"Gener","6.6"
1807,02,"Febrer","8.0"
1807,03,"Març","6.4"
1807,04,"Abril","10.0"
1807,05,"Maig","16.5"
1807,06,"Juny","19.9"
1807,07,"Juliol","22.6"
1807,08,"Agost","23.8"
1807,09,"Setembre","19.5"
1807,10,"Octubre","17.2"
1807,11,"Novembre","9.8"
1807,12,"Desembre","6.5"
1808,01,"Gener","5.4"
1808,02,"Febrer","5.2"
1808,03,"Març","8.8"
1808,04,"Abril","11.2"
1808,05,"Maig","15.9"
1808,06,"Juny","18.0"
1808,07,"Juliol","22.9"
1808,08,"Agost","22.1"
1808,09,"Setembre","18.7"
1808,10,"Octubre","13.4"
1808,11,"Novembre","9.7"
1808,12,"Desembre","6.1"
1809,01,"Gener","9.5"
1809,02,"Febrer","9.2"
1809,03,"Març","9.4"
1809,04,"Abril","9.4"
1809,05,"Maig","14.7"
1809,06,"Juny","18.2"
1809,07,"Juliol","19.6"
1809,08,"Agost","21.1"
1809,09,"Setembre","17.6"
1809,10,"Octubre","14.4"
1809,11,"Novembre","8.2"
1809,12,"Desembre","6.6"
1810,01,"Gener","5.6"
1810,02,"Febrer","5.8"
1810,03,"Març","11.0"
1810,04,"Abril","10.9"
1810,05,"Maig","14.7"
1810,06,"Juny","17.1"
1810,07,"Juliol","20.5"
1810,08,"Agost","20.9"
1810,09,"Setembre","18.1"
1810,10,"Octubre","15.5"
1810,11,"Novembre","10.7"
1810,12,"Desembre","8.1"
1811,01,"Gener","5.3"
1811,02,"Febrer","9.9"
1811,03,"Març","10.6"
1811,04,"Abril","13.1"
1811,05,"Maig","17.1"
1811,06,"Juny","20.7"
1811,07,"Juliol","22.1"
1811,08,"Agost","20.9"
1811,09,"Setembre","19.0"
1811,10,"Octubre","17.6"
1811,11,"Novembre","11.1"
1811,12,"Desembre","8.2"
1812,01,"Gener","4.8"
1812,02,"Febrer","9.1"
1812,03,"Març","9.4"
1812,04,"Abril","10.5"
1812,05,"Maig","14.5"
1812,06,"Juny","19.1"
1812,07,"Juliol","20.3"
1812,08,"Agost","21.5"
1812,09,"Setembre","18.7"
1812,10,"Octubre","14.4"
1812,11,"Novembre","10.7"
1812,12,"Desembre","7.5"
1813,01,"Gener","5.4"
1813,02,"Febrer","7.2"
1813,03,"Març","8.1"
1813,04,"Abril","11.6"
1813,05,"Maig","16.7"
1813,06,"Juny","17.4"
1813,07,"Juliol","18.7"
1813,08,"Agost","20.3"
1813,09,"Setembre","17.2"
1813,10,"Octubre","15.2"
1813,11,"Novembre","10.4"
1813,12,"Desembre","7.8"
1814,01,"Gener","6.5"
1814,02,"Febrer","5.3"
1814,03,"Març","7.3"
1814,04,"Abril","11.6"
1814,05,"Maig","13.9"
1814,06,"Juny","17.2"
1814,07,"Juliol","19.7"
1814,08,"Agost","20.1"
1814,09,"Setembre","17.3"
1814,10,"Octubre","13.8"
1814,11,"Novembre","10.3"
1814,12,"Desembre","9.0"
1815,01,"Gener","4.4"
1815,02,"Febrer","8.7"
1815,03,"Març","11.2"
1815,04,"Abril","10.9"
1815,05,"Maig","15.3"
1815,06,"Juny","17.3"
1815,07,"Juliol","20.1"
1815,08,"Agost","20.3"
1815,09,"Setembre","19.8"
1815,10,"Octubre","15.8"
1815,11,"Novembre","8.5"
1815,12,"Desembre","6.4"
1816,01,"Gener","5.9"
1816,02,"Febrer","7.2"
1816,03,"Març","9.1"
1816,04,"Abril","10.7"
1816,05,"Maig","14.6"
1816,06,"Juny","16.2"
1816,07,"Juliol","18.4"
1816,08,"Agost","18.8"
1816,09,"Setembre","17.8"
1816,10,"Octubre","15.2"
1816,11,"Novembre","9.4"
1816,12,"Desembre","6.8"
1817,01,"Gener","7.5"
1817,02,"Febrer","9.2"
1817,03,"Març","10.5"
1817,04,"Abril","11.1"
1817,05,"Maig","14.1"
1817,06,"Juny","18.1"
1817,07,"Juliol","20.3"
1817,08,"Agost","20.8"
1817,09,"Setembre","19.4"
1817,10,"Octubre","12.9"
1817,11,"Novembre","11.6"
1817,12,"Desembre","7.3"
1818,01,"Gener","7.7"
1818,02,"Febrer","9.3"
1818,03,"Març","10.7"
1818,04,"Abril","12.1"
1818,05,"Maig","14.2"
1818,06,"Juny","18.1"
1818,07,"Juliol","21.3"
1818,08,"Agost","21.6"
1818,09,"Setembre","18.4"
1818,10,"Octubre","15.7"
1818,11,"Novembre","12.7"
1818,12,"Desembre","7.1"
1819,01,"Gener","7.3"
1819,02,"Febrer","8.1"
1819,03,"Març","9.9"
1819,04,"Abril","13.8"
1819,05,"Maig","16.3"
1819,06,"Juny","18.9"
1819,07,"Juliol","21.5"
1819,08,"Agost","22.0"
1819,09,"Setembre","19.6"
1819,10,"Octubre","15.7"
1819,11,"Novembre","10.5"
1819,12,"Desembre","8.5"
1820,01,"Gener","6.6"
1820,02,"Febrer","8.1"
1820,03,"Març","7.9"
1820,04,"Abril","12.8"
1820,05,"Maig","16.1"
1820,06,"Juny","17.5"
1820,07,"Juliol","21.8"
1820,08,"Agost","22.7"
1820,09,"Setembre","17.7"
1820,10,"Octubre","13.7"
1820,11,"Novembre","9.3"
1820,12,"Desembre","7.7"
1821,01,"Gener","8.3"
1821,02,"Febrer","7.7"
1821,03,"Març","10.6"
1821,04,"Abril","11.5"
1821,05,"Maig","15.1"
1821,06,"Juny","17.7"
1821,07,"Juliol","20.2"
1821,08,"Agost","21.8"
1821,09,"Setembre","20.6"
1821,10,"Octubre","14.7"
1821,11,"Novembre","12.4"
1821,12,"Desembre","11.1"
1822,01,"Gener","6.2"
1822,02,"Febrer","8.7"
1822,03,"Març","12.3"
1822,04,"Abril","12.7"
1822,05,"Maig","17.4"
1822,06,"Juny","22.8"
1822,07,"Juliol","22.4"
1822,08,"Agost","21.9"
1822,09,"Setembre","19.4"
1822,10,"Octubre","15.5"
1822,11,"Novembre","12.5"
1822,12,"Desembre","7.1"
1823,01,"Gener","7.1"
1823,02,"Febrer","8.9"
1823,03,"Març","8.9"
1823,04,"Abril","11.5"
1823,05,"Maig","16.8"
1823,06,"Juny","17.3"
1823,07,"Juliol","19.5"
1823,08,"Agost","21.5"
1823,09,"Setembre","20.2"
1823,10,"Octubre","14.3"
1823,11,"Novembre","10.7"
1823,12,"Desembre","8.2"
1824,01,"Gener","5.8"
1824,02,"Febrer","8.7"
1824,03,"Març","9.4"
1824,04,"Abril","11.5"
1824,05,"Maig","15.3"
1824,06,"Juny","17.2"
1824,07,"Juliol","22.2"
1824,08,"Agost","21.6"
1824,09,"Setembre","18.4"
1824,10,"Octubre","15.3"
1824,11,"Novembre","12.5"
1824,12,"Desembre","9.8"
1825,01,"Gener","6.1"
1825,02,"Febrer","8.0"
1825,03,"Març","9.8"
1825,04,"Abril","13.8"
1825,05,"Maig","15.8"
1825,06,"Juny","19.5"
1825,07,"Juliol","21.9"
1825,08,"Agost","21.0"
1825,09,"Setembre","20.4"
1825,10,"Octubre","14.5"
1825,11,"Novembre","10.0"
1825,12,"Desembre","9.2"
1826,01,"Gener","5.4"
1826,02,"Febrer","9.1"
1826,03,"Març","9.8"
1826,04,"Abril","12.2"
1826,05,"Maig","13.5"
1826,06,"Juny","18.5"
1826,07,"Juliol","21.8"
1826,08,"Agost","23.6"
1826,09,"Setembre","19.8"
1826,10,"Octubre","16.1"
1826,11,"Novembre","8.5"
1826,12,"Desembre","8.2"
1827,01,"Gener","7.0"
1827,02,"Febrer","5.4"
1827,03,"Març","9.5"
1827,04,"Abril","11.2"
1827,05,"Maig","13.2"
1827,06,"Juny","16.5"
1827,07,"Juliol","24.1"
1827,08,"Agost","22.3"
1827,09,"Setembre","18.5"
1827,10,"Octubre","15.2"
1827,11,"Novembre","10.5"
1827,12,"Desembre","8.4"
1828,01,"Gener","8.9"
1828,02,"Febrer","8.2"
1828,03,"Març","10.0"
1828,04,"Abril","12.1"
1828,05,"Maig","16.1"
1828,06,"Juny","20.0"
1828,07,"Juliol","23.1"
1828,08,"Agost","22.7"
1828,09,"Setembre","20.4"
1828,10,"Octubre","15.4"
1828,11,"Novembre","12.0"
1828,12,"Desembre","8.4"
1829,01,"Gener","6.7"
1829,02,"Febrer","7.7"
1829,03,"Març","10.9"
1829,04,"Abril","13.1"
1829,05,"Maig","15.2"
1829,06,"Juny","18.1"
1829,07,"Juliol","20.8"
1829,08,"Agost","20.1"
1829,09,"Setembre","17.4"
1829,10,"Octubre","13.3"
1829,11,"Novembre","10.0"
1829,12,"Desembre","5.3"
1830,01,"Gener","4.1"
1830,02,"Febrer","6.5"
1830,03,"Març","10.4"
1830,04,"Abril","14.7"
1830,05,"Maig","16.0"
1830,06,"Juny","18.4"
1830,07,"Juliol","22.7"
1830,08,"Agost","21.6"
1830,09,"Setembre","17.8"
1830,10,"Octubre","15.0"
1830,11,"Novembre","12.4"
1830,12,"Desembre","7.6"
1831,01,"Gener","8.1"
1831,02,"Febrer","9.7"
1831,03,"Març","11.7"
1831,04,"Abril","12.9"
1831,05,"Maig","17.0"
1831,06,"Juny","20.6"
1831,07,"Juliol","22.2"
1831,08,"Agost","21.6"
1831,09,"Setembre","17.8"
1831,10,"Octubre","16.9"
1831,11,"Novembre","11.4"
1831,12,"Desembre","8.7"
1832,01,"Gener","7.7"
1832,02,"Febrer","8.0"
1832,03,"Març","9.2"
1832,04,"Abril","11.2"
1832,05,"Maig","15.7"
1832,06,"Juny","18.9"
1832,07,"Juliol","22.7"
1832,08,"Agost","22.7"
1832,09,"Setembre","19.3"
1832,10,"Octubre","15.8"
1832,11,"Novembre","11.5"
1832,12,"Desembre","7.6"
1833,01,"Gener","8.1"
1833,02,"Febrer","10.4"
1833,03,"Març","8.1"
1833,04,"Abril","11.7"
1833,05,"Maig","17.5"
1833,06,"Juny","20.2"
1833,07,"Juliol","20.1"
1833,08,"Agost","20.3"
1833,09,"Setembre","16.0"
1833,10,"Octubre","14.2"
1833,11,"Novembre","10.9"
1833,12,"Desembre","9.5"
1834,01,"Gener","10.1"
1834,02,"Febrer","8.6"
1834,03,"Març","10.4"
1834,04,"Abril","11.5"
1834,05,"Maig","16.8"
1834,06,"Juny","18.6"
1834,07,"Juliol","21.7"
1834,08,"Agost","21.2"
1834,09,"Setembre","20.8"
1834,10,"Octubre","15.6"
1834,11,"Novembre","11.4"
1834,12,"Desembre","7.2"
1835,01,"Gener","7.8"
1835,02,"Febrer","9.0"
1835,03,"Març","9.9"
1835,04,"Abril","11.6"
1835,05,"Maig","14.4"
1835,06,"Juny","17.2"
1835,07,"Juliol","22.0"
1835,08,"Agost","21.1"
1835,09,"Setembre","18.4"
1835,10,"Octubre","14.2"
1835,11,"Novembre","9.5"
1835,12,"Desembre","6.3"
1836,01,"Gener","6.7"
1836,02,"Febrer","7.1"
1836,03,"Març","10.6"
1836,04,"Abril","10.2"
1836,05,"Maig","11.8"
1836,06,"Juny","18.6"
1836,07,"Juliol","22.6"
1836,08,"Agost","21.6"
1836,09,"Setembre","17.6"
1836,10,"Octubre","15.6"
1836,11,"Novembre","10.4"
1836,12,"Desembre","7.3"
1837,01,"Gener","6.2"
1837,02,"Febrer","8.9"
1837,03,"Març","6.5"
1837,04,"Abril","9.5"
1837,05,"Maig","13.4"
1837,06,"Juny","20.0"
1837,07,"Juliol","22.3"
1837,08,"Agost","22.9"
1837,09,"Setembre","18.5"
1837,10,"Octubre","14.9"
1837,11,"Novembre","10.1"
1837,12,"Desembre","8.8"
1838,01,"Gener","7.2"
1838,02,"Febrer","8.4"
1838,03,"Març","10.3"
1838,04,"Abril","10.7"
1838,05,"Maig","15.2"
1838,06,"Juny","19.4"
1838,07,"Juliol","22.0"
1838,08,"Agost","21.7"
1838,09,"Setembre","18.3"
1838,10,"Octubre","14.9"
1838,11,"Novembre","12.9"
1838,12,"Desembre","7.6"
1839,01,"Gener","6.2"
1839,02,"Febrer","7.7"
1839,03,"Març","10.0"
1839,04,"Abril","11.4"
1839,05,"Maig","14.9"
1839,06,"Juny","19.5"
1839,07,"Juliol","21.4"
1839,08,"Agost","21.4"
1839,09,"Setembre","18.1"
1839,10,"Octubre","14.8"
1839,11,"Novembre","11.2"
1839,12,"Desembre","9.8"
1840,01,"Gener","9.0"
1840,02,"Febrer","7.7"
1840,03,"Març","6.5"
1840,04,"Abril","11.0"
1840,05,"Maig","15.7"
1840,06,"Juny","19.2"
1840,07,"Juliol","20.1"
1840,08,"Agost","22.1"
1840,09,"Setembre","18.8"
1840,10,"Octubre","15.2"
1840,11,"Novembre","11.8"
1840,12,"Desembre","7.5"
1841,01,"Gener","6.2"
1841,02,"Febrer","9.0"
1841,03,"Març","9.9"
1841,04,"Abril","11.8"
1841,05,"Maig","16.9"
1841,06,"Juny","18.2"
1841,07,"Juliol","19.6"
1841,08,"Agost","20.1"
1841,09,"Setembre","19.9"
1841,10,"Octubre","15.6"
1841,11,"Novembre","11.3"
1841,12,"Desembre","8.6"
1842,01,"Gener","5.2"
1842,02,"Febrer","8.4"
1842,03,"Març","10.6"
1842,04,"Abril","10.7"
1842,05,"Maig","15.8"
1842,06,"Juny","21.5"
1842,07,"Juliol","22.7"
1842,08,"Agost","21.8"
1842,09,"Setembre","18.3"
1842,10,"Octubre","13.8"
1842,11,"Novembre","10.8"
1842,12,"Desembre","9.0"
1843,01,"Gener","8.3"
1843,02,"Febrer","9.2"
1843,03,"Març","9.1"
1843,04,"Abril","12.3"
1843,05,"Maig","15.6"
1843,06,"Juny","17.6"
1843,07,"Juliol","19.5"
1843,08,"Agost","21.4"
1843,09,"Setembre","17.5"
1843,10,"Octubre","14.8"
1843,11,"Novembre","9.0"
1843,12,"Desembre","8.0"
1844,01,"Gener","8.0"
1844,02,"Febrer","7.6"
1844,03,"Març","9.6"
1844,04,"Abril","12.7"
1844,05,"Maig","14.2"
1844,06,"Juny","19.8"
1844,07,"Juliol","21.0"
1844,08,"Agost","20.9"
1844,09,"Setembre","19.5"
1844,10,"Octubre","16.5"
1844,11,"Novembre","11.9"
1844,12,"Desembre","7.1"
1845,01,"Gener","8.1"
1845,02,"Febrer","6.4"
1845,03,"Març","9.3"
1845,04,"Abril","11.5"
1845,05,"Maig","14.1"
1845,06,"Juny","17.8"
1845,07,"Juliol","21.5"
1845,08,"Agost","21.6"
1845,09,"Setembre","20.6"
1845,10,"Octubre","16.1"
1845,11,"Novembre","11.8"
1845,12,"Desembre","8.7"
1846,01,"Gener","9.3"
1846,02,"Febrer","8.3"
1846,03,"Març","12.2"
1846,04,"Abril","13.8"
1846,05,"Maig","15.9"
1846,06,"Juny","21.6"
1846,07,"Juliol","25.3"
1846,08,"Agost","24.2"
1846,09,"Setembre","21.6"
1846,10,"Octubre","16.5"
1846,11,"Novembre","12.7"
1846,12,"Desembre","6.4"
1847,01,"Gener","10.0"
1847,02,"Febrer","8.6"
1847,03,"Març","9.8"
1847,04,"Abril","12.9"
1847,05,"Maig","18.3"
1847,06,"Juny","20.1"
1847,07,"Juliol","22.9"
1847,08,"Agost","21.7"
1847,09,"Setembre","19.2"
1847,10,"Octubre","16.8"
1847,11,"Novembre","11.4"
1847,12,"Desembre","8.1"
1848,01,"Gener","3.4"
1848,02,"Febrer","10.0"
1848,03,"Març","9.9"
1848,04,"Abril","13.3"
1848,05,"Maig","16.7"
1848,06,"Juny","18.7"
1848,07,"Juliol","22.4"
1848,08,"Agost","22.2"
1848,09,"Setembre","19.0"
1848,10,"Octubre","15.9"
1848,11,"Novembre","8.7"
1848,12,"Desembre","9.6"
1849,01,"Gener","9.3"
1849,02,"Febrer","9.7"
1849,03,"Març","8.9"
1849,04,"Abril","10.0"
1849,05,"Maig","16.0"
1849,06,"Juny","21.5"
1849,07,"Juliol","22.9"
1849,08,"Agost","23.3"
1849,09,"Setembre","19.9"
1849,10,"Octubre","17.5"
1849,11,"Novembre","12.0"
1849,12,"Desembre","7.6"
1850,01,"Gener","7.2"
1850,02,"Febrer","10.8"
1850,03,"Març","8.6"
1850,04,"Abril","12.7"
1850,05,"Maig","13.9"
1850,06,"Juny","19.8"
1850,07,"Juliol","21.7"
1850,08,"Agost","21.5"
1850,09,"Setembre","18.1"
1850,10,"Octubre","14.3"
1850,11,"Novembre","11.4"
1850,12,"Desembre","8.5"
1851,01,"Gener","8.2"
1851,02,"Febrer","7.7"
1851,03,"Març","8.9"
1851,04,"Abril","12.3"
1851,05,"Maig","12.7"
1851,06,"Juny","17.9"
1851,07,"Juliol","20.4"
1851,08,"Agost","22.8"
1851,09,"Setembre","18.0"
1851,10,"Octubre","15.5"
1851,11,"Novembre","7.9"
1851,12,"Desembre","6.7"
1852,01,"Gener","8.6"
1852,02,"Febrer","6.9"
1852,03,"Març","9.4"
1852,04,"Abril","12.2"
1852,05,"Maig","14.8"
1852,06,"Juny","18.4"
1852,07,"Juliol","22.1"
1852,08,"Agost","21.4"
1852,09,"Setembre","19.4"
1852,10,"Octubre","16.0"
1852,11,"Novembre","13.7"
1852,12,"Desembre","10.2"
1853,01,"Gener","9.0"
1853,02,"Febrer","4.5"
1853,03,"Març","6.8"
1853,04,"Abril","11.8"
1853,05,"Maig","13.5"
1853,06,"Juny","15.7"
1853,07,"Juliol","21.4"
1853,08,"Agost","22.5"
1853,09,"Setembre","18.3"
1853,10,"Octubre","15.5"
1853,11,"Novembre","11.0"
1853,12,"Desembre","7.2"
1854,01,"Gener","7.8"
1854,02,"Febrer","6.7"
1854,03,"Març","9.5"
1854,04,"Abril","11.7"
1854,05,"Maig","14.6"
1854,06,"Juny","16.9"
1854,07,"Juliol","20.6"
1854,08,"Agost","21.2"
1854,09,"Setembre","20.1"
1854,10,"Octubre","16.3"
1854,11,"Novembre","9.4"
1854,12,"Desembre","7.0"
1855,01,"Gener","6.0"
1855,02,"Febrer","9.5"
1855,03,"Març","9.2"
1855,04,"Abril","11.5"
1855,05,"Maig","13.1"
1855,06,"Juny","16.6"
1855,07,"Juliol","21.4"
1855,08,"Agost","21.9"
1855,09,"Setembre","20.6"
1855,10,"Octubre","17.0"
1855,11,"Novembre","10.9"
1855,12,"Desembre","6.7"
1856,01,"Gener","10.6"
1856,02,"Febrer","8.3"
1856,03,"Març","10.7"
1856,04,"Abril","12.5"
1856,05,"Maig","14.8"
1856,06,"Juny","18.2"
1856,07,"Juliol","21.5"
1856,08,"Agost","23.2"
1856,09,"Setembre","18.8"
1856,10,"Octubre","14.8"
1856,11,"Novembre","9.4"
1856,12,"Desembre","8.2"
1857,01,"Gener","5.3"
1857,02,"Febrer","7.9"
1857,03,"Març","10.5"
1857,04,"Abril","11.9"
1857,05,"Maig","14.4"
1857,06,"Juny","18.4"
1857,07,"Juliol","22.0"
1857,08,"Agost","21.6"
1857,09,"Setembre","20.1"
1857,10,"Octubre","15.5"
1857,11,"Novembre","12.3"
1857,12,"Desembre","8.5"
1858,01,"Gener","5.2"
1858,02,"Febrer","9.0"
1858,03,"Març","10.1"
1858,04,"Abril","14.4"
1858,05,"Maig","15.2"
1858,06,"Juny","21.4"
1858,07,"Juliol","20.6"
1858,08,"Agost","21.7"
1858,09,"Setembre","20.9"
1858,10,"Octubre","16.3"
1858,11,"Novembre","11.6"
1858,12,"Desembre","8.2"
1859,01,"Gener","6.2"
1859,02,"Febrer","8.5"
1859,03,"Març","10.6"
1859,04,"Abril","14.0"
1859,05,"Maig","16.0"
1859,06,"Juny","18.7"
1859,07,"Juliol","24.2"
1859,08,"Agost","23.6"
1859,09,"Setembre","20.5"
1859,10,"Octubre","16.9"
1859,11,"Novembre","11.7"
1859,12,"Desembre","6.7"
1860,01,"Gener","9.3"
1860,02,"Febrer","5.4"
1860,03,"Març","9.5"
1860,04,"Abril","10.8"
1860,05,"Maig","15.6"
1860,06,"Juny","18.3"
1860,07,"Juliol","20.3"
1860,08,"Agost","21.1"
1860,09,"Setembre","18.7"
1860,10,"Octubre","15.8"
1860,11,"Novembre","11.5"
1860,12,"Desembre","8.5"
1861,01,"Gener","8.0"
1861,02,"Febrer","9.2"
1861,03,"Març","10.8"
1861,04,"Abril","11.9"
1861,05,"Maig","15.7"
1861,06,"Juny","18.7"
1861,07,"Juliol","22.0"
1861,08,"Agost","23.7"
1861,09,"Setembre","19.9"
1861,10,"Octubre","17.1"
1861,11,"Novembre","11.4"
1861,12,"Desembre","9.7"
1862,01,"Gener","7.7"
1862,02,"Febrer","8.4"
1862,03,"Març","11.6"
1862,04,"Abril","13.0"
1862,05,"Maig","16.8"
1862,06,"Juny","19.1"
1862,07,"Juliol","22.6"
1862,08,"Agost","22.4"
1862,09,"Setembre","18.5"
1862,10,"Octubre","16.7"
1862,11,"Novembre","10.3"
1862,12,"Desembre","8.4"
1863,01,"Gener","7.6"
1863,02,"Febrer","7.9"
1863,03,"Març","10.3"
1863,04,"Abril","13.3"
1863,05,"Maig","15.5"
1863,06,"Juny","20.0"
1863,07,"Juliol","23.3"
1863,08,"Agost","23.2"
1863,09,"Setembre","19.3"
1863,10,"Octubre","16.0"
1863,11,"Novembre","10.7"
1863,12,"Desembre","8.3"
1864,01,"Gener","7.0"
1864,02,"Febrer","6.7"
1864,03,"Març","10.9"
1864,04,"Abril","13.0"
1864,05,"Maig","18.1"
1864,06,"Juny","19.9"
1864,07,"Juliol","22.8"
1864,08,"Agost","23.2"
1864,09,"Setembre","20.0"
1864,10,"Octubre","15.0"
1864,11,"Novembre","10.7"
1864,12,"Desembre","7.2"
1865,01,"Gener","8.5"
1865,02,"Febrer","8.0"
1865,03,"Març","7.4"
1865,04,"Abril","12.5"
1865,05,"Maig","17.2"
1865,06,"Juny","21.9"
1865,07,"Juliol","23.0"
1865,08,"Agost","23.1"
1865,09,"Setembre","21.5"
1865,10,"Octubre","16.5"
1865,11,"Novembre","11.6"
1865,12,"Desembre","7.4"
1866,01,"Gener","8.5"
1866,02,"Febrer","11.1"
1866,03,"Març","9.9"
1866,04,"Abril","13.0"
1866,05,"Maig","16.2"
1866,06,"Juny","19.9"
1866,07,"Juliol","22.9"
1866,08,"Agost","21.9"
1866,09,"Setembre","19.1"
1866,10,"Octubre","15.1"
1866,11,"Novembre","11.8"
1866,12,"Desembre","10.0"
1867,01,"Gener","8.5"
1867,02,"Febrer","11.1"
1867,03,"Març","12.4"
1867,04,"Abril","13.6"
1867,05,"Maig","16.3"
1867,06,"Juny","19.2"
1867,07,"Juliol","21.8"
1867,08,"Agost","21.8"
1867,09,"Setembre","19.5"
1867,10,"Octubre","14.6"
1867,11,"Novembre","10.7"
1867,12,"Desembre","6.6"
1868,01,"Gener","6.9"
1868,02,"Febrer","8.9"
1868,03,"Març","10.4"
1868,04,"Abril","12.7"
1868,05,"Maig","17.4"
1868,06,"Juny","21.8"
1868,07,"Juliol","22.8"
1868,08,"Agost","22.0"
1868,09,"Setembre","19.4"
1868,10,"Octubre","14.0"
1868,11,"Novembre","9.6"
1868,12,"Desembre","11.5"
1869,01,"Gener","8.6"
1869,02,"Febrer","9.8"
1869,03,"Març","8.0"
1869,04,"Abril","12.0"
1869,05,"Maig","16.8"
1869,06,"Juny","18.8"
1869,07,"Juliol","23.3"
1869,08,"Agost","21.7"
1869,09,"Setembre","20.6"
1869,10,"Octubre","14.5"
1869,11,"Novembre","10.6"
1869,12,"Desembre","6.9"
1870,01,"Gener","6.9"
1870,02,"Febrer","9.2"
1870,03,"Març","9.7"
1870,04,"Abril","12.0"
1870,05,"Maig","17.0"
1870,06,"Juny","21.2"
1870,07,"Juliol","23.2"
1870,08,"Agost","22.0"
1870,09,"Setembre","20.1"
1870,10,"Octubre","15.8"
1870,11,"Novembre","10.2"
1870,12,"Desembre","5.3"
1871,01,"Gener","4.6"
1871,02,"Febrer","8.8"
1871,03,"Març","10.8"
1871,04,"Abril","14.6"
1871,05,"Maig","16.0"
1871,06,"Juny","17.0"
1871,07,"Juliol","22.6"
1871,08,"Agost","22.7"
1871,09,"Setembre","21.2"
1871,10,"Octubre","16.8"
1871,11,"Novembre","9.8"
1871,12,"Desembre","4.4"
1872,01,"Gener","8.2"
1872,02,"Febrer","10.1"
1872,03,"Març","11.1"
1872,04,"Abril","13.4"
1872,05,"Maig","15.2"
1872,06,"Juny","19.5"
1872,07,"Juliol","22.8"
1872,08,"Agost","21.5"
1872,09,"Setembre","19.6"
1872,10,"Octubre","13.8"
1872,11,"Novembre","10.7"
1872,12,"Desembre","9.2"
1873,01,"Gener","9.5"
1873,02,"Febrer","7.3"
1873,03,"Març","12.3"
1873,04,"Abril","11.1"
1873,05,"Maig","16.0"
1873,06,"Juny","19.0"
1873,07,"Juliol","23.3"
1873,08,"Agost","23.6"
1873,09,"Setembre","19.1"
1873,10,"Octubre","15.0"
1873,11,"Novembre","11.1"
1873,12,"Desembre","8.0"
1874,01,"Gener","8.9"
1874,02,"Febrer","8.3"
1874,03,"Març","9.7"
1874,04,"Abril","13.3"
1874,05,"Maig","14.5"
1874,06,"Juny","19.7"
1874,07,"Juliol","23.1"
1874,08,"Agost","22.3"
1874,09,"Setembre","20.4"
1874,10,"Octubre","16.3"
1874,11,"Novembre","11.7"
1874,12,"Desembre","6.9"
1875,01,"Gener","9.9"
1875,02,"Febrer","6.9"
1875,03,"Març","10.2"
1875,04,"Abril","12.6"
1875,05,"Maig","18.6"
1875,06,"Juny","19.4"
1875,07,"Juliol","20.9"
1875,08,"Agost","22.6"
1875,09,"Setembre","20.6"
1875,10,"Octubre","15.7"
1875,11,"Novembre","11.6"
1875,12,"Desembre","5.7"
1876,01,"Gener","6.9"
1876,02,"Febrer","9.9"
1876,03,"Març","11.2"
1876,04,"Abril","11.6"
1876,05,"Maig","14.6"
1876,06,"Juny","17.9"
1876,07,"Juliol","22.3"
1876,08,"Agost","22.6"
1876,09,"Setembre","19.1"
1876,10,"Octubre","17.6"
1876,11,"Novembre","12.2"
1876,12,"Desembre","9.8"
1877,01,"Gener","10.1"
1877,02,"Febrer","9.5"
1877,03,"Març","8.4"
1877,04,"Abril","10.2"
1877,05,"Maig","13.7"
1877,06,"Juny","19.1"
1877,07,"Juliol","23.4"
1877,08,"Agost","24.5"
1877,09,"Setembre","17.6"
1877,10,"Octubre","14.7"
1877,11,"Novembre","13.0"
1877,12,"Desembre","7.8"
1878,01,"Gener","5.5"
1878,02,"Febrer","6.1"
1878,03,"Març","9.2"
1878,04,"Abril","12.5"
1878,05,"Maig","17.2"
1878,06,"Juny","19.7"
1878,07,"Juliol","22.4"
1878,08,"Agost","24.9"
1878,09,"Setembre","21.6"
1878,10,"Octubre","17.4"
1878,11,"Novembre","7.3"
1878,12,"Desembre","6.5"
1879,01,"Gener","9.7"
1879,02,"Febrer","9.0"
1879,03,"Març","9.6"
1879,04,"Abril","10.4"
1879,05,"Maig","11.5"
1879,06,"Juny","19.8"
1879,07,"Juliol","20.2"
1879,08,"Agost","23.0"
1879,09,"Setembre","17.3"
1879,10,"Octubre","14.3"
1879,11,"Novembre","10.3"
1879,12,"Desembre","4.6"
1880,01,"Gener","5.1"
1880,02,"Febrer","8.6"
1880,03,"Març","10.2"
1880,04,"Abril","11.6"
1880,05,"Maig","12.6"
1880,06,"Juny","18.3"
1880,07,"Juliol","24.2"
1880,08,"Agost","23.5"
1880,09,"Setembre","21.1"
1880,10,"Octubre","17.0"
1880,11,"Novembre","9.3"
1880,12,"Desembre","8.0"
1881,01,"Gener","7.0"
1881,02,"Febrer","9.4"
1881,03,"Març","10.5"
1881,04,"Abril","11.9"
1881,05,"Maig","14.0"
1881,06,"Juny","16.5"
1881,07,"Juliol","23.7"
1881,08,"Agost","23.5"
1881,09,"Setembre","18.3"
1881,10,"Octubre","14.3"
1881,11,"Novembre","12.6"
1881,12,"Desembre","7.9"
1882,01,"Gener","9.0"
1882,02,"Febrer","10.1"
1882,03,"Març","13.0"
1882,04,"Abril","14.8"
1882,05,"Maig","18.3"
1882,06,"Juny","19.4"
1882,07,"Juliol","21.4"
1882,08,"Agost","22.6"
1882,09,"Setembre","16.9"
1882,10,"Octubre","16.4"
1882,11,"Novembre","11.2"
1882,12,"Desembre","8.6"
1883,01,"Gener","7.7"
1883,02,"Febrer","7.7"
1883,03,"Març","6.1"
1883,04,"Abril","11.4"
1883,05,"Maig","14.3"
1883,06,"Juny","17.5"
1883,07,"Juliol","21.2"
1883,08,"Agost","22.5"
1883,09,"Setembre","17.9"
1883,10,"Octubre","14.4"
1883,11,"Novembre","12.0"
1883,12,"Desembre","6.7"
1884,01,"Gener","9.0"
1884,02,"Febrer","10.9"
1884,03,"Març","10.4"
1884,04,"Abril","11.1"
1884,05,"Maig","15.6"
1884,06,"Juny","17.2"
1884,07,"Juliol","24.6"
1884,08,"Agost","26.4"
1884,09,"Setembre","22.0"
1884,10,"Octubre","16.3"
1884,11,"Novembre","11.6"
1884,12,"Desembre","6.1"
1885,01,"Gener","5.2"
1885,02,"Febrer","11.1"
1885,03,"Març","10.0"
1885,04,"Abril","11.5"
1885,05,"Maig","15.6"
1885,06,"Juny","19.0"
1885,07,"Juliol","22.8"
1885,08,"Agost","23.1"
1885,09,"Setembre","19.0"
1885,10,"Octubre","13.4"
1885,11,"Novembre","11.9"
1885,12,"Desembre","8.9"
1886,01,"Gener","6.9"
1886,02,"Febrer","8.7"
1886,03,"Març","9.8"
1886,04,"Abril","11.9"
1886,05,"Maig","15.2"
1886,06,"Juny","17.8"
1886,07,"Juliol","20.8"
1886,08,"Agost","20.0"
1886,09,"Setembre","18.9"
1886,10,"Octubre","14.4"
1886,11,"Novembre","8.9"
1886,12,"Desembre","6.6"
1887,01,"Gener","6.1"
1887,02,"Febrer","6.1"
1887,03,"Març","9.9"
1887,04,"Abril","11.5"
1887,05,"Maig","14.0"
1887,06,"Juny","20.2"
1887,07,"Juliol","21.7"
1887,08,"Agost","21.4"
1887,09,"Setembre","16.4"
1887,10,"Octubre","11.0"
1887,11,"Novembre","9.5"
1887,12,"Desembre","6.4"
1888,01,"Gener","7.6"
1888,02,"Febrer","5.4"
1888,03,"Març","8.7"
1888,04,"Abril","10.4"
1888,05,"Maig","15.0"
1888,06,"Juny","17.0"
1888,07,"Juliol","20.5"
1888,08,"Agost","21.2"
1888,09,"Setembre","19.0"
1888,10,"Octubre","14.9"
1888,11,"Novembre","12.5"
1888,12,"Desembre","10.4"
1889,01,"Gener","7.8"
1889,02,"Febrer","8.5"
1889,03,"Març","9.2"
1889,04,"Abril","11.9"
1889,05,"Maig","15.8"
1889,06,"Juny","19.9"
1889,07,"Juliol","22.1"
1889,08,"Agost","21.6"
1889,09,"Setembre","20.4"
1889,10,"Octubre","15.4"
1889,11,"Novembre","12.5"
1889,12,"Desembre","6.2"
1890,01,"Gener","9.4"
1890,02,"Febrer","8.4"
1890,03,"Març","9.2"
1890,04,"Abril","12.3"
1890,05,"Maig","15.3"
1890,06,"Juny","20.1"
1890,07,"Juliol","20.4"
1890,08,"Agost","21.8"
1890,09,"Setembre","18.8"
1890,10,"Octubre","14.6"
1890,11,"Novembre","9.9"
1890,12,"Desembre","6.3"
1891,01,"Gener","4.9"
1891,02,"Febrer","7.0"
1891,03,"Març","9.2"
1891,04,"Abril","10.7"
1891,05,"Maig","14.5"
1891,06,"Juny","19.1"
1891,07,"Juliol","22.3"
1891,08,"Agost","21.2"
1891,09,"Setembre","20.0"
1891,10,"Octubre","17.3"
1891,11,"Novembre","11.6"
1891,12,"Desembre","9.3"
1892,01,"Gener","7.7"
1892,02,"Febrer","8.7"
1892,03,"Març","8.6"
1892,04,"Abril","12.6"
1892,05,"Maig","15.9"
1892,06,"Juny","20.4"
1892,07,"Juliol","22.4"
1892,08,"Agost","22.0"
1892,09,"Setembre","19.8"
1892,10,"Octubre","14.2"
1892,11,"Novembre","11.8"
1892,12,"Desembre","6.3"
1893,01,"Gener","4.8"
1893,02,"Febrer","8.9"
1893,03,"Març","11.1"
1893,04,"Abril","13.6"
1893,05,"Maig","16.5"
1893,06,"Juny","19.1"
1893,07,"Juliol","22.4"
1893,08,"Agost","23.4"
1893,09,"Setembre","20.0"
1893,10,"Octubre","16.5"
1893,11,"Novembre","9.0"
1893,12,"Desembre","8.0"
1894,01,"Gener","6.2"
1894,02,"Febrer","8.6"
1894,03,"Març","9.4"
1894,04,"Abril","12.8"
1894,05,"Maig","15.0"
1894,06,"Juny","20.2"
1894,07,"Juliol","23.1"
1894,08,"Agost","22.2"
1894,09,"Setembre","19.3"
1894,10,"Octubre","16.1"
1894,11,"Novembre","12.3"
1894,12,"Desembre","8.0"
1895,01,"Gener","5.5"
1895,02,"Febrer","8.2"
1895,03,"Març","10.2"
1895,04,"Abril","13.7"
1895,05,"Maig","15.7"
1895,06,"Juny","19.7"
1895,07,"Juliol","23.4"
1895,08,"Agost","23.1"
1895,09,"Setembre","22.0"
1895,10,"Octubre","16.1"
1895,11,"Novembre","13.8"
1895,12,"Desembre","9.3"
1896,01,"Gener","7.5"
1896,02,"Febrer","8.8"
1896,03,"Març","11.8"
1896,04,"Abril","13.1"
1896,05,"Maig","15.8"
1896,06,"Juny","19.9"
1896,07,"Juliol","23.1"
1896,08,"Agost","20.2"
1896,09,"Setembre","20.2"
1896,10,"Octubre","14.0"
1896,11,"Novembre","8.9"
1896,12,"Desembre","8.2"
1897,01,"Gener","7.1"
1897,02,"Febrer","11.0"
1897,03,"Març","12.1"
1897,04,"Abril","14.1"
1897,05,"Maig","16.5"
1897,06,"Juny","22.0"
1897,07,"Juliol","24.6"
1897,08,"Agost","23.0"
1897,09,"Setembre","19.4"
1897,10,"Octubre","15.1"
1897,11,"Novembre","12.8"
1897,12,"Desembre","8.9"
1898,01,"Gener","9.1"
1898,02,"Febrer","9.5"
1898,03,"Març","9.2"
1898,04,"Abril","12.6"
1898,05,"Maig","15.4"
1898,06,"Juny","18.9"
1898,07,"Juliol","21.6"
1898,08,"Agost","21.6"
1898,09,"Setembre","21.2"
1898,10,"Octubre","16.4"
1898,11,"Novembre","11.9"
1898,12,"Desembre","8.7"
1899,01,"Gener","8.1"
1899,02,"Febrer","9.6"
1899,03,"Març","9.8"
1899,04,"Abril","12.9"
1899,05,"Maig","16.0"
1899,06,"Juny","18.8"
1899,07,"Juliol","22.4"
1899,08,"Agost","23.4"
1899,09,"Setembre","21.1"
1899,10,"Octubre","17.9"
1899,11,"Novembre","12.5"
1899,12,"Desembre","7.7"
1900,01,"Gener","8.0"
1900,02,"Febrer","10.5"
1900,03,"Març","8.8"
1900,04,"Abril","13.1"
1900,05,"Maig","16.3"
1900,06,"Juny","20.8"
1900,07,"Juliol","23.9"
1900,08,"Agost","22.1"
1900,09,"Setembre","21.3"
1900,10,"Octubre","16.6"
1900,11,"Novembre","10.9"
1900,12,"Desembre","9.7"
1901,01,"Gener","8.2"
1901,02,"Febrer","4.8"
1901,03,"Març","9.6"
1901,04,"Abril","12.5"
1901,05,"Maig","15.8"
1901,06,"Juny","20.7"
1901,07,"Juliol","22.4"
1901,08,"Agost","22.3"
1901,09,"Setembre","20.2"
1901,10,"Octubre","14.0"
1901,11,"Novembre","9.6"
1901,12,"Desembre","6.7"
1902,01,"Gener","7.6"
1902,02,"Febrer","8.7"
1902,03,"Març","11.1"
1902,04,"Abril","12.8"
1902,05,"Maig","13.2"
1902,06,"Juny","17.3"
1902,07,"Juliol","22.3"
1902,08,"Agost","21.3"
1902,09,"Setembre","18.7"
1902,10,"Octubre","14.5"
1902,11,"Novembre","10.9"
1902,12,"Desembre","7.6"
1903,01,"Gener","6.9"
1903,02,"Febrer","8.4"
1903,03,"Març","9.7"
1903,04,"Abril","11.1"
1903,05,"Maig","15.6"
1903,06,"Juny","18.7"
1903,07,"Juliol","21.9"
1903,08,"Agost","22.4"
1903,09,"Setembre","19.1"
1903,10,"Octubre","16.6"
1903,11,"Novembre","10.9"
1903,12,"Desembre","7.1"
1904,01,"Gener","6.6"
1904,02,"Febrer","9.0"
1904,03,"Març","9.1"
1904,04,"Abril","13.4"
1904,05,"Maig","17.2"
1904,06,"Juny","20.0"
1904,07,"Juliol","24.6"
1904,08,"Agost","23.7"
1904,09,"Setembre","19.2"
1904,10,"Octubre","15.7"
1904,11,"Novembre","10.5"
1904,12,"Desembre","8.8"
1905,01,"Gener","7.0"
1905,02,"Febrer","7.6"
1905,03,"Març","11.1"
1905,04,"Abril","13.8"
1905,05,"Maig","14.7"
1905,06,"Juny","19.9"
1905,07,"Juliol","23.9"
1905,08,"Agost","22.7"
1905,09,"Setembre","18.8"
1905,10,"Octubre","13.0"
1905,11,"Novembre","9.3"
1905,12,"Desembre","7.5"
1906,01,"Gener","8.2"
1906,02,"Febrer","7.2"
1906,03,"Març","8.8"
1906,04,"Abril","10.7"
1906,05,"Maig","15.3"
1906,06,"Juny","20.3"
1906,07,"Juliol","22.0"
1906,08,"Agost","23.7"
1906,09,"Setembre","19.8"
1906,10,"Octubre","16.3"
1906,11,"Novembre","11.6"
1906,12,"Desembre","7.4"
1907,01,"Gener","7.1"
1907,02,"Febrer","7.2"
1907,03,"Març","9.8"
1907,04,"Abril","11.7"
1907,05,"Maig","14.7"
1907,06,"Juny","18.5"
1907,07,"Juliol","20.4"
1907,08,"Agost","22.4"
1907,09,"Setembre","18.9"
1907,10,"Octubre","14.2"
1907,11,"Novembre","11.0"
1907,12,"Desembre","9.3"
1908,01,"Gener","7.4"
1908,02,"Febrer","7.9"
1908,03,"Març","8.2"
1908,04,"Abril","10.3"
1908,05,"Maig","17.0"
1908,06,"Juny","19.2"
1908,07,"Juliol","22.1"
1908,08,"Agost","22.0"
1908,09,"Setembre","19.2"
1908,10,"Octubre","15.8"
1908,11,"Novembre","11.7"
1908,12,"Desembre","8.6"
1909,01,"Gener","6.3"
1909,02,"Febrer","5.7"
1909,03,"Març","9.0"
1909,04,"Abril","12.3"
1909,05,"Maig","14.8"
1909,06,"Juny","17.4"
1909,07,"Juliol","20.4"
1909,08,"Agost","22.0"
1909,09,"Setembre","18.0"
1909,10,"Octubre","16.4"
1909,11,"Novembre","9.9"
1909,12,"Desembre","9.5"
1910,01,"Gener","7.8"
1910,02,"Febrer","8.9"
1910,03,"Març","9.5"
1910,04,"Abril","11.2"
1910,05,"Maig","13.4"
1910,06,"Juny","19.7"
1910,07,"Juliol","20.8"
1910,08,"Agost","21.8"
1910,09,"Setembre","18.4"
1910,10,"Octubre","15.8"
1910,11,"Novembre","12.1"
1910,12,"Desembre","9.7"
1911,01,"Gener","6.7"
1911,02,"Febrer","9.1"
1911,03,"Març","10.2"
1911,04,"Abril","12.0"
1911,05,"Maig","15.6"
1911,06,"Juny","19.1"
1911,07,"Juliol","24.3"
1911,08,"Agost","25.3"
1911,09,"Setembre","22.4"
1911,10,"Octubre","16.3"
1911,11,"Novembre","12.4"
1911,12,"Desembre","10.8"
1912,01,"Gener","9.4"
1912,02,"Febrer","10.7"
1912,03,"Març","12.7"
1912,04,"Abril","12.2"
1912,05,"Maig","16.8"
1912,06,"Juny","18.7"
1912,07,"Juliol","21.1"
1912,08,"Agost","20.6"
1912,09,"Setembre","17.0"
1912,10,"Octubre","14.0"
1912,11,"Novembre","10.0"
1912,12,"Desembre","8.7"
1913,01,"Gener","9.3"
1913,02,"Febrer","8.6"
1913,03,"Març","10.0"
1913,04,"Abril","10.1"
1913,05,"Maig","13.5"
1913,06,"Juny","16.2"
1913,07,"Juliol","21.1"
1913,08,"Agost","22.1"
1913,09,"Setembre","19.5"
1913,10,"Octubre","16.7"
1913,11,"Novembre","13.6"
1913,12,"Desembre","9.0"
1914,01,"Gener","4.9"
1914,02,"Febrer","10.2"
1914,03,"Març","11.3"
1914,04,"Abril","13.5"
1914,05,"Maig","14.5"
1914,06,"Juny","17.9"
1914,07,"Juliol","20.5"
1914,08,"Agost","21.2"
1914,09,"Setembre","20.7"
1914,10,"Octubre","14.9"
1914,11,"Novembre","10.4"
1914,12,"Desembre","9.0"
1915,01,"Gener","6.7"
1915,02,"Febrer","7.6"
1915,03,"Març","9.7"
1915,04,"Abril","10.8"
1915,05,"Maig","15.7"
1915,06,"Juny","19.7"
1915,07,"Juliol","21.8"
1915,08,"Agost","21.7"
1915,09,"Setembre","18.7"
1915,10,"Octubre","13.8"
1915,11,"Novembre","10.2"
1915,12,"Desembre","10.0"
1916,01,"Gener","9.1"
1916,02,"Febrer","7.9"
1916,03,"Març","9.4"
1916,04,"Abril","12.1"
1916,05,"Maig","16.6"
1916,06,"Juny","18.1"
1916,07,"Juliol","21.9"
1916,08,"Agost","23.6"
1916,09,"Setembre","18.1"
1916,10,"Octubre","15.8"
1916,11,"Novembre","11.5"
1916,12,"Desembre","9.1"
1917,01,"Gener","6.1"
1917,02,"Febrer","7.0"
1917,03,"Març","8.9"
1917,04,"Abril","10.5"
1917,05,"Maig","15.7"
1917,06,"Juny","20.2"
1917,07,"Juliol","22.4"
1917,08,"Agost","21.1"
1917,09,"Setembre","21.4"
1917,10,"Octubre","14.7"
1917,11,"Novembre","10.7"
1917,12,"Desembre","5.0"
1918,01,"Gener","7.7"
1918,02,"Febrer","9.0"
1918,03,"Març","9.2"
1918,04,"Abril","10.6"
1918,05,"Maig","16.0"
1918,06,"Juny","18.6"
1918,07,"Juliol","22.0"
1918,08,"Agost","22.4"
1918,09,"Setembre","20.9"
1918,10,"Octubre","13.0"
1918,11,"Novembre","11.1"
1918,12,"Desembre","10.3"
1919,01,"Gener","6.2"
1919,02,"Febrer","8.9"
1919,03,"Març","10.1"
1919,04,"Abril","11.4"
1919,05,"Maig","16.2"
1919,06,"Juny","20.4"
1919,07,"Juliol","20.1"
1919,08,"Agost","24.3"
1919,09,"Setembre","19.8"
1919,10,"Octubre","12.5"
1919,11,"Novembre","9.0"
1919,12,"Desembre","8.5"
1920,01,"Gener","9.0"
1920,02,"Febrer","9.9"
1920,03,"Març","11.0"
1920,04,"Abril","13.3"
1920,05,"Maig","18.9"
1920,06,"Juny","20.6"
1920,07,"Juliol","21.0"
1920,08,"Agost","21.3"
1920,09,"Setembre","19.4"
1920,10,"Octubre","15.6"
1920,11,"Novembre","11.0"
1920,12,"Desembre","7.6"
1921,01,"Gener","9.1"
1921,02,"Febrer","8.1"
1921,03,"Març","10.3"
1921,04,"Abril","11.5"
1921,05,"Maig","15.1"
1921,06,"Juny","20.4"
1921,07,"Juliol","24.4"
1921,08,"Agost","22.2"
1921,09,"Setembre","21.0"
1921,10,"Octubre","18.5"
1921,11,"Novembre","11.0"
1921,12,"Desembre","8.9"
1922,01,"Gener","7.7"
1922,02,"Febrer","9.8"
1922,03,"Març","10.4"
1922,04,"Abril","12.4"
1922,05,"Maig","19.1"
1922,06,"Juny","19.4"
1922,07,"Juliol","20.7"
1922,08,"Agost","22.8"
1922,09,"Setembre","17.7"
1922,10,"Octubre","15.0"
1922,11,"Novembre","9.8"
1922,12,"Desembre","7.5"
1923,01,"Gener","5.9"
1923,02,"Febrer","10.1"
1923,03,"Març","10.0"
1923,04,"Abril","11.3"
1923,05,"Maig","15.3"
1923,06,"Juny","17.6"
1923,07,"Juliol","23.6"
1923,08,"Agost","25.1"
1923,09,"Setembre","19.1"
1923,10,"Octubre","17.8"
1923,11,"Novembre","10.1"
1923,12,"Desembre","7.3"
1924,01,"Gener","8.1"
1924,02,"Febrer","5.6"
1924,03,"Març","10.9"
1924,04,"Abril","13.5"
1924,05,"Maig","18.0"
1924,06,"Juny","20.5"
1924,07,"Juliol","23.1"
1924,08,"Agost","20.5"
1924,09,"Setembre","19.8"
1924,10,"Octubre","15.7"
1924,11,"Novembre","12.2"
1924,12,"Desembre","8.9"
1925,01,"Gener","9.0"
1925,02,"Febrer","8.2"
1925,03,"Març","7.5"
1925,04,"Abril","12.0"
1925,05,"Maig","15.5"
1925,06,"Juny","21.1"
1925,07,"Juliol","21.3"
1925,08,"Agost","22.6"
1925,09,"Setembre","18.4"
1925,10,"Octubre","16.2"
1925,11,"Novembre","9.9"
1925,12,"Desembre","8.0"
1926,01,"Gener","8.5"
1926,02,"Febrer","11.6"
1926,03,"Març","12.0"
1926,04,"Abril","13.4"
1926,05,"Maig","14.2"
1926,06,"Juny","18.7"
1926,07,"Juliol","21.6"
1926,08,"Agost","22.8"
1926,09,"Setembre","22.1"
1926,10,"Octubre","17.1"
1926,11,"Novembre","11.5"
1926,12,"Desembre","7.0"
1927,01,"Gener","8.3"
1927,02,"Febrer","8.9"
1927,03,"Març","10.7"
1927,04,"Abril","14.4"
1927,05,"Maig","16.8"
1927,06,"Juny","19.9"
1927,07,"Juliol","22.6"
1927,08,"Agost","23.2"
1927,09,"Setembre","20.1"
1927,10,"Octubre","16.3"
1927,11,"Novembre","11.4"
1927,12,"Desembre","8.6"
1928,01,"Gener","7.8"
1928,02,"Febrer","10.2"
1928,03,"Març","10.3"
1928,04,"Abril","12.0"
1928,05,"Maig","14.7"
1928,06,"Juny","20.4"
1928,07,"Juliol","25.7"
1928,08,"Agost","25.4"
1928,09,"Setembre","21.7"
1928,10,"Octubre","16.5"
1928,11,"Novembre","11.5"
1928,12,"Desembre","7.7"
1929,01,"Gener","5.3"
1929,02,"Febrer","7.3"
1929,03,"Març","10.4"
1929,04,"Abril","11.9"
1929,05,"Maig","15.9"
1929,06,"Juny","21.4"
1929,07,"Juliol","24.3"
1929,08,"Agost","21.9"
1929,09,"Setembre","21.2"
1929,10,"Octubre","16.0"
1929,11,"Novembre","11.4"
1929,12,"Desembre","10.3"
1930,01,"Gener","9.0"
1930,02,"Febrer","6.3"
1930,03,"Març","11.0"
1930,04,"Abril","12.3"
1930,05,"Maig","15.7"
1930,06,"Juny","20.7"
1930,07,"Juliol","22.0"
1930,08,"Agost","22.5"
1930,09,"Setembre","21.1"
1930,10,"Octubre","17.1"
1930,11,"Novembre","13.9"
1930,12,"Desembre","9.1"
1931,01,"Gener","8.0"
1931,02,"Febrer","7.3"
1931,03,"Març","11.8"
1931,04,"Abril","12.7"
1931,05,"Maig","16.1"
1931,06,"Juny","22.7"
1931,07,"Juliol","22.7"
1931,08,"Agost","22.2"
1931,09,"Setembre","17.6"
1931,10,"Octubre","15.6"
1931,11,"Novembre","11.9"
1931,12,"Desembre","7.0"
1932,01,"Gener","8.8"
1932,02,"Febrer","5.0"
1932,03,"Març","10.1"
1932,04,"Abril","11.0"
1932,05,"Maig","15.2"
1932,06,"Juny","18.0"
1932,07,"Juliol","19.7"
1932,08,"Agost","23.6"
1932,09,"Setembre","20.8"
1932,10,"Octubre","15.5"
1932,11,"Novembre","12.2"
1932,12,"Desembre","10.0"
1933,01,"Gener","6.5"
1933,02,"Febrer","8.8"
1933,03,"Març","11.0"
1933,04,"Abril","14.3"
1933,05,"Maig","16.7"
1933,06,"Juny","16.7"
1933,07,"Juliol","23.6"
1933,08,"Agost","25.3"
1933,09,"Setembre","20.7"
1933,10,"Octubre","16.6"
1933,11,"Novembre","9.0"
1933,12,"Desembre","5.6"
1934,01,"Gener","6.9"
1934,02,"Febrer","8.2"
1934,03,"Març","9.9"
1934,04,"Abril","12.1"
1934,05,"Maig","18.7"
1934,06,"Juny","21.5"
1934,07,"Juliol","24.4"
1934,08,"Agost","21.4"
1934,09,"Setembre","21.1"
1934,10,"Octubre","16.9"
1934,11,"Novembre","8.9"
1934,12,"Desembre","10.9"
1935,01,"Gener","5.9"
1935,02,"Febrer","8.5"
1935,03,"Març","10.2"
1935,04,"Abril","13.0"
1935,05,"Maig","13.8"
1935,06,"Juny","21.1"
1935,07,"Juliol","24.2"
1935,08,"Agost","22.4"
1935,09,"Setembre","21.2"
1935,10,"Octubre","14.6"
1935,11,"Novembre","11.2"
1935,12,"Desembre","8.8"
1936,01,"Gener","10.5"
1936,02,"Febrer","9.6"
1936,03,"Març","10.7"
1936,04,"Abril","12.4"
1936,05,"Maig","14.9"
1936,06,"Juny","18.4"
1936,07,"Juliol","21.3"
1936,08,"Agost","22.7"
1936,09,"Setembre","20.8"
1936,10,"Octubre","13.7"
1936,11,"Novembre","11.1"
1936,12,"Desembre","7.5"
1937,01,"Gener","9.3"
1937,02,"Febrer","11.4"
1937,03,"Març","10.0"
1937,04,"Abril","13.2"
1937,05,"Maig","17.4"
1937,06,"Juny","20.9"
1937,07,"Juliol","23.4"
1937,08,"Agost","24.4"
1937,09,"Setembre","20.6"
1937,10,"Octubre","15.3"
1937,11,"Novembre","12.4"
1937,12,"Desembre","7.1"
1938,01,"Gener","8.1"
1938,02,"Febrer","7.8"
1938,03,"Març","12.4"
1938,04,"Abril","12.4"
1938,05,"Maig","14.3"
1938,06,"Juny","21.1"
1938,07,"Juliol","22.8"
1938,08,"Agost","22.3"
1938,09,"Setembre","19.3"
1938,10,"Octubre","16.5"
1938,11,"Novembre","13.5"
1938,12,"Desembre","8.1"
1939,01,"Gener","9.4"
1939,02,"Febrer","9.5"
1939,03,"Març","9.0"
1939,04,"Abril","12.7"
1939,05,"Maig","14.2"
1939,06,"Juny","18.4"
1939,07,"Juliol","21.6"
1939,08,"Agost","22.0"
1939,09,"Setembre","19.4"
1939,10,"Octubre","15.4"
1939,11,"Novembre","12.1"
1939,12,"Desembre","8.0"
1940,01,"Gener","6.8"
1940,02,"Febrer","10.2"
1940,03,"Març","12.1"
1940,04,"Abril","13.1"
1940,05,"Maig","16.3"
1940,06,"Juny","19.1"
1940,07,"Juliol","21.2"
1940,08,"Agost","22.1"
1940,09,"Setembre","20.1"
1940,10,"Octubre","14.5"
1940,11,"Novembre","11.4"
1940,12,"Desembre","5.9"
1941,01,"Gener","6.2"
1941,02,"Febrer","8.6"
1941,03,"Març","11.3"
1941,04,"Abril","11.9"
1941,05,"Maig","13.8"
1941,06,"Juny","19.8"
1941,07,"Juliol","23.1"
1941,08,"Agost","21.1"
1941,09,"Setembre","19.1"
1941,10,"Octubre","15.0"
1941,11,"Novembre","10.3"
1941,12,"Desembre","7.1"
1942,01,"Gener","6.1"
1942,02,"Febrer","5.7"
1942,03,"Març","11.7"
1942,04,"Abril","12.8"
1942,05,"Maig","16.5"
1942,06,"Juny","21.1"
1942,07,"Juliol","22.4"
1942,08,"Agost","21.9"
1942,09,"Setembre","20.4"
1942,10,"Octubre","18.2"
1942,11,"Novembre","10.8"
1942,12,"Desembre","8.7"
1943,01,"Gener","9.5"
1943,02,"Febrer","9.2"
1943,03,"Març","11.3"
1943,04,"Abril","14.3"
1943,05,"Maig","18.1"
1943,06,"Juny","21.7"
1943,07,"Juliol","23.2"
1943,08,"Agost","23.6"
1943,09,"Setembre","20.8"
1943,10,"Octubre","16.5"
1943,11,"Novembre","9.4"
1943,12,"Desembre","7.9"
1944,01,"Gener","9.5"
1944,02,"Febrer","5.8"
1944,03,"Març","9.4"
1944,04,"Abril","14.3"
1944,05,"Maig","17.0"
1944,06,"Juny","20.0"
1944,07,"Juliol","22.5"
1944,08,"Agost","24.3"
1944,09,"Setembre","20.0"
1944,10,"Octubre","13.6"
1944,11,"Novembre","11.5"
1944,12,"Desembre","7.3"
1945,01,"Gener","4.3"
1945,02,"Febrer","10.6"
1945,03,"Març","10.9"
1945,04,"Abril","15.3"
1945,05,"Maig","17.5"
1945,06,"Juny","22.3"
1945,07,"Juliol","24.1"
1945,08,"Agost","21.9"
1945,09,"Setembre","21.0"
1945,10,"Octubre","17.2"
1945,11,"Novembre","11.4"
1945,12,"Desembre","8.9"
1946,01,"Gener","6.6"
1946,02,"Febrer","9.6"
1946,03,"Març","9.4"
1946,04,"Abril","12.8"
1946,05,"Maig","15.0"
1946,06,"Juny","18.8"
1946,07,"Juliol","23.5"
1946,08,"Agost","22.4"
1946,09,"Setembre","21.4"
1946,10,"Octubre","16.7"
1946,11,"Novembre","10.9"
1946,12,"Desembre","6.5"
1947,01,"Gener","6.5"
1947,02,"Febrer","8.1"
1947,03,"Març","12.2"
1947,04,"Abril","14.5"
1947,05,"Maig","16.9"
1947,06,"Juny","22.3"
1947,07,"Juliol","25.1"
1947,08,"Agost","24.9"
1947,09,"Setembre","20.8"
1947,10,"Octubre","16.8"
1947,11,"Novembre","14.4"
1947,12,"Desembre","7.5"
1948,01,"Gener","9.4"
1948,02,"Febrer","9.1"
1948,03,"Març","13.1"
1948,04,"Abril","13.4"
1948,05,"Maig","16.3"
1948,06,"Juny","20.3"
1948,07,"Juliol","21.0"
1948,08,"Agost","23.4"
1948,09,"Setembre","20.3"
1948,10,"Octubre","16.6"
1948,11,"Novembre","14.0"
1948,12,"Desembre","10.3"
1949,01,"Gener","8.6"
1949,02,"Febrer","10.4"
1949,03,"Març","9.7"
1949,04,"Abril","15.1"
1949,05,"Maig","14.8"
1949,06,"Juny","20.9"
1949,07,"Juliol","25.6"
1949,08,"Agost","24.0"
1949,09,"Setembre","22.6"
1949,10,"Octubre","17.7"
1949,11,"Novembre","11.7"
1949,12,"Desembre","9.1"
1950,01,"Gener","8.4"
1950,02,"Febrer","10.1"
1950,03,"Març","11.4"
1950,04,"Abril","11.5"
1950,05,"Maig","16.6"
1950,06,"Juny","22.2"
1950,07,"Juliol","25.6"
1950,08,"Agost","22.9"
1950,09,"Setembre","20.6"
1950,10,"Octubre","17.1"
1950,11,"Novembre","13.1"
1950,12,"Desembre","5.9"
1951,01,"Gener","8.1"
1951,02,"Febrer","8.2"
1951,03,"Març","9.9"
1951,04,"Abril","11.5"
1951,05,"Maig","14.2"
1951,06,"Juny","20.1"
1951,07,"Juliol","22.6"
1951,08,"Agost","21.6"
1951,09,"Setembre","20.1"
1951,10,"Octubre","14.4"
1951,11,"Novembre","11.6"
1951,12,"Desembre","9.5"
1952,01,"Gener","5.7"
1952,02,"Febrer","7.6"
1952,03,"Març","12.3"
1952,04,"Abril","13.5"
1952,05,"Maig","17.8"
1952,06,"Juny","22.5"
1952,07,"Juliol","24.3"
1952,08,"Agost","23.6"
1952,09,"Setembre","18.7"
1952,10,"Octubre","16.6"
1952,11,"Novembre","10.9"
1952,12,"Desembre","8.3"
1953,01,"Gener","6.7"
1953,02,"Febrer","7.1"
1953,03,"Març","10.0"
1953,04,"Abril","13.3"
1953,05,"Maig","18.7"
1953,06,"Juny","18.5"
1953,07,"Juliol","21.9"
1953,08,"Agost","23.0"
1953,09,"Setembre","20.7"
1953,10,"Octubre","16.1"
1953,11,"Novembre","12.8"
1953,12,"Desembre","11.2"
1954,01,"Gener","6.1"
1954,02,"Febrer","6.8"
1954,03,"Març","10.7"
1954,04,"Abril","11.4"
1954,05,"Maig","15.0"
1954,06,"Juny","19.6"
1954,07,"Juliol","20.6"
1954,08,"Agost","21.5"
1954,09,"Setembre","20.2"
1954,10,"Octubre","17.4"
1954,11,"Novembre","13.3"
1954,12,"Desembre","10.0"
1955,01,"Gener","10.6"
1955,02,"Febrer","8.6"
1955,03,"Març","9.7"
1955,04,"Abril","13.8"
1955,05,"Maig","16.8"
1955,06,"Juny","19.6"
1955,07,"Juliol","23.4"
1955,08,"Agost","22.8"
1955,09,"Setembre","19.8"
1955,10,"Octubre","15.3"
1955,11,"Novembre","11.3"
1955,12,"Desembre","10.6"
1956,01,"Gener","8.9"
1956,02,"Febrer","2.5"
1956,03,"Març","10.4"
1956,04,"Abril","11.2"
1956,05,"Maig","17.0"
1956,06,"Juny","17.7"
1956,07,"Juliol","22.4"
1956,08,"Agost","22.0"
1956,09,"Setembre","21.0"
1956,10,"Octubre","15.0"
1956,11,"Novembre","9.1"
1956,12,"Desembre","8.1"
1957,01,"Gener","7.3"
1957,02,"Febrer","11.0"
1957,03,"Març","12.2"
1957,04,"Abril","12.4"
1957,05,"Maig","14.1"
1957,06,"Juny","18.5"
1957,07,"Juliol","22.0"
1957,08,"Agost","21.9"
1957,09,"Setembre","20.2"
1957,10,"Octubre","15.1"
1957,11,"Novembre","10.8"
1957,12,"Desembre","7.8"
1958,01,"Gener","7.3"
1958,02,"Febrer","10.5"
1958,03,"Març","10.3"
1958,04,"Abril","11.1"
1958,05,"Maig","17.3"
1958,06,"Juny","19.4"
1958,07,"Juliol","22.0"
1958,08,"Agost","22.8"
1958,09,"Setembre","21.7"
1958,10,"Octubre","15.9"
1958,11,"Novembre","11.6"
1958,12,"Desembre","9.6"
1959,01,"Gener","8.2"
1959,02,"Febrer","9.5"
1959,03,"Març","11.4"
1959,04,"Abril","13.4"
1959,05,"Maig","15.9"
1959,06,"Juny","19.8"
1959,07,"Juliol","24.0"
1959,08,"Agost","22.5"
1959,09,"Setembre","19.3"
1959,10,"Octubre","14.9"
1959,11,"Novembre","10.5"
1959,12,"Desembre","8.9"
1960,01,"Gener","8.1"
1960,02,"Febrer","9.6"
1960,03,"Març","11.2"
1960,04,"Abril","12.9"
1960,05,"Maig","18.1"
1960,06,"Juny","20.8"
1960,07,"Juliol","21.2"
1960,08,"Agost","22.0"
1960,09,"Setembre","18.4"
1960,10,"Octubre","14.1"
1960,11,"Novembre","11.6"
1960,12,"Desembre","6.6"
1961,01,"Gener","7.2"
1961,02,"Febrer","11.0"
1961,03,"Març","12.1"
1961,04,"Abril","14.8"
1961,05,"Maig","16.8"
1961,06,"Juny","20.8"
1961,07,"Juliol","22.8"
1961,08,"Agost","22.3"
1961,09,"Setembre","21.3"
1961,10,"Octubre","15.9"
1961,11,"Novembre","11.3"
1961,12,"Desembre","10.4"
1962,01,"Gener","9.5"
1962,02,"Febrer","8.0"
1962,03,"Març","9.2"
1962,04,"Abril","12.2"
1962,05,"Maig","15.0"
1962,06,"Juny","19.6"
1962,07,"Juliol","22.4"
1962,08,"Agost","23.8"
1962,09,"Setembre","21.0"
1962,10,"Octubre","16.7"
1962,11,"Novembre","9.1"
1962,12,"Desembre","6.8"
1963,01,"Gener","6.1"
1963,02,"Febrer","5.4"
1963,03,"Març","10.8"
1963,04,"Abril","12.7"
1963,05,"Maig","16.1"
1963,06,"Juny","19.5"
1963,07,"Juliol","23.7"
1963,08,"Agost","21.1"
1963,09,"Setembre","18.5"
1963,10,"Octubre","16.3"
1963,11,"Novembre","13.0"
1963,12,"Desembre","7.2"
1964,01,"Gener","7.4"
1964,02,"Febrer","9.2"
1964,03,"Març","10.4"
1964,04,"Abril","12.6"
1964,05,"Maig","18.4"
1964,06,"Juny","21.1"
1964,07,"Juliol","24.5"
1964,08,"Agost","22.7"
1964,09,"Setembre","21.2"
1964,10,"Octubre","14.5"
1964,11,"Novembre","12.3"
1964,12,"Desembre","8.0"
1965,01,"Gener","7.6"
1965,02,"Febrer","5.8"
1965,03,"Març","10.7"
1965,04,"Abril","12.4"
1965,05,"Maig","17.2"
1965,06,"Juny","21.2"
1965,07,"Juliol","22.5"
1965,08,"Agost","22.2"
1965,09,"Setembre","17.9"
1965,10,"Octubre","16.4"
1965,11,"Novembre","11.1"
1965,12,"Desembre","9.3"
1966,01,"Gener","8.8"
1966,02,"Febrer","11.3"
1966,03,"Març","10.7"
1966,04,"Abril","13.9"
1966,05,"Maig","16.2"
1966,06,"Juny","20.5"
1966,07,"Juliol","20.9"
1966,08,"Agost","21.7"
1966,09,"Setembre","21.3"
1966,10,"Octubre","15.9"
1966,11,"Novembre","9.1"
1966,12,"Desembre","8.9"
1967,01,"Gener","8.0"
1967,02,"Febrer","9.3"
1967,03,"Març","11.9"
1967,04,"Abril","12.5"
1967,05,"Maig","15.8"
1967,06,"Juny","18.8"
1967,07,"Juliol","24.7"
1967,08,"Agost","23.1"
1967,09,"Setembre","20.0"
1967,10,"Octubre","17.7"
1967,11,"Novembre","12.5"
1967,12,"Desembre","7.4"
1968,01,"Gener","8.7"
1968,02,"Febrer","9.0"
1968,03,"Març","9.9"
1968,04,"Abril","12.9"
1968,05,"Maig","15.8"
1968,06,"Juny","19.1"
1968,07,"Juliol","22.1"
1968,08,"Agost","21.2"
1968,09,"Setembre","19.9"
1968,10,"Octubre","18.7"
1968,11,"Novembre","12.1"
1968,12,"Desembre","9.0"
1969,01,"Gener","8.5"
1969,02,"Febrer","6.9"
1969,03,"Març","10.2"
1969,04,"Abril","12.0"
1969,05,"Maig","16.4"
1969,06,"Juny","17.7"
1969,07,"Juliol","23.2"
1969,08,"Agost","22.4"
1969,09,"Setembre","18.6"
1969,10,"Octubre","16.3"
1969,11,"Novembre","10.8"
1969,12,"Desembre","6.9"
1970,01,"Gener","9.5"
1970,02,"Febrer","8.5"
1970,03,"Març","8.5"
1970,04,"Abril","12.0"
1970,05,"Maig","15.8"
1970,06,"Juny","21.1"
1970,07,"Juliol","22.7"
1970,08,"Agost","22.5"
1970,09,"Setembre","22.0"
1970,10,"Octubre","15.9"
1970,11,"Novembre","13.4"
1970,12,"Desembre","6.5"
1971,01,"Gener","7.8"
1971,02,"Febrer","9.2"
1971,03,"Març","7.5"
1971,04,"Abril","13.2"
1971,05,"Maig","15.0"
1971,06,"Juny","18.5"
1971,07,"Juliol","23.4"
1971,08,"Agost","23.9"
1971,09,"Setembre","20.0"
1971,10,"Octubre","16.8"
1971,11,"Novembre","8.7"
1971,12,"Desembre","9.1"
1972,01,"Gener","7.2"
1972,02,"Febrer","9.0"
1972,03,"Març","10.9"
1972,04,"Abril","11.7"
1972,05,"Maig","14.4"
1972,06,"Juny","17.6"
1972,07,"Juliol","21.9"
1972,08,"Agost","20.2"
1972,09,"Setembre","16.5"
1972,10,"Octubre","14.7"
1972,11,"Novembre","12.3"
1972,12,"Desembre","8.9"
1973,01,"Gener","8.2"
1973,02,"Febrer","7.9"
1973,03,"Març","9.3"
1973,04,"Abril","11.3"
1973,05,"Maig","16.9"
1973,06,"Juny","20.3"
1973,07,"Juliol","23.4"
1973,08,"Agost","23.9"
1973,09,"Setembre","20.3"
1973,10,"Octubre","15.3"
1973,11,"Novembre","11.6"
1973,12,"Desembre","7.7"
1974,01,"Gener","9.9"
1974,02,"Febrer","8.5"
1974,03,"Març","10.1"
1974,04,"Abril","11.1"
1974,05,"Maig","15.9"
1974,06,"Juny","19.4"
1974,07,"Juliol","22.9"
1974,08,"Agost","22.8"
1974,09,"Setembre","18.8"
1974,10,"Octubre","11.7"
1974,11,"Novembre","11.2"
1974,12,"Desembre","9.6"
1975,01,"Gener","9.9"
1975,02,"Febrer","9.4"
1975,03,"Març","8.6"
1975,04,"Abril","12.3"
1975,05,"Maig","14.8"
1975,06,"Juny","18.8"
1975,07,"Juliol","23.3"
1975,08,"Agost","23.7"
1975,09,"Setembre","19.3"
1975,10,"Octubre","15.4"
1975,11,"Novembre","11.0"
1975,12,"Desembre","7.8"
1976,01,"Gener","8.2"
1976,02,"Febrer","8.8"
1976,03,"Març","10.9"
1976,04,"Abril","11.7"
1976,05,"Maig","16.5"
1976,06,"Juny","22.9"
1976,07,"Juliol","22.9"
1976,08,"Agost","21.5"
1976,09,"Setembre","18.4"
1976,10,"Octubre","14.4"
1976,11,"Novembre","9.6"
1976,12,"Desembre","9.3"
1977,01,"Gener","8.1"
1977,02,"Febrer","11.1"
1977,03,"Març","11.8"
1977,04,"Abril","12.5"
1977,05,"Maig","13.9"
1977,06,"Juny","18.0"
1977,07,"Juliol","20.4"
1977,08,"Agost","20.7"
1977,09,"Setembre","19.8"
1977,10,"Octubre","17.1"
1977,11,"Novembre","11.7"
1977,12,"Desembre","9.6"
1978,01,"Gener","6.6"
1978,02,"Febrer","9.7"
1978,03,"Març","11.3"
1978,04,"Abril","10.8"
1978,05,"Maig","15.2"
1978,06,"Juny","18.5"
1978,07,"Juliol","21.5"
1978,08,"Agost","22.7"
1978,09,"Setembre","21.4"
1978,10,"Octubre","15.3"
1978,11,"Novembre","11.4"
1978,12,"Desembre","10.1"
1979,01,"Gener","8.0"
1979,02,"Febrer","9.5"
1979,03,"Març","10.8"
1979,04,"Abril","11.7"
1979,05,"Maig","16.0"
1979,06,"Juny","20.8"
1979,07,"Juliol","24.0"
1979,08,"Agost","22.4"
1979,09,"Setembre","19.7"
1979,10,"Octubre","16.0"
1979,11,"Novembre","10.8"
1979,12,"Desembre","9.1"
1980,01,"Gener","7.3"
1980,02,"Febrer","10.1"
1980,03,"Març","10.7"
1980,04,"Abril","11.3"
1980,05,"Maig","14.5"
1980,06,"Juny","17.7"
1980,07,"Juliol","20.5"
1980,08,"Agost","23.2"
1980,09,"Setembre","21.1"
1980,10,"Octubre","15.9"
1980,11,"Novembre","10.4"
1980,12,"Desembre","6.9"
1981,01,"Gener","7.2"
1981,02,"Febrer","7.2"
1981,03,"Març","13.0"
1981,04,"Abril","12.7"
1981,05,"Maig","15.2"
1981,06,"Juny","20.9"
1981,07,"Juliol","21.2"
1981,08,"Agost","23.1"
1981,09,"Setembre","20.6"
1981,10,"Octubre","16.8"
1981,11,"Novembre","12.8"
1981,12,"Desembre","9.8"
1982,01,"Gener","10.4"
1982,02,"Febrer","9.2"
1982,03,"Març","9.7"
1982,04,"Abril","12.8"
1982,05,"Maig","15.6"
1982,06,"Juny","20.6"
1982,07,"Juliol","24.5"
1982,08,"Agost","20.9"
1982,09,"Setembre","20.3"
1982,10,"Octubre","16.0"
1982,11,"Novembre","12.0"
1982,12,"Desembre","9.1"
1983,01,"Gener","9.1"
1983,02,"Febrer","6.4"
1983,03,"Març","10.8"
1983,04,"Abril","13.4"
1983,05,"Maig","16.1"
1983,06,"Juny","20.8"
1983,07,"Juliol","25.8"
1983,08,"Agost","22.2"
1983,09,"Setembre","21.5"
1983,10,"Octubre","17.4"
1983,11,"Novembre","12.8"
1983,12,"Desembre","9.8"
1984,01,"Gener","8.3"
1984,02,"Febrer","7.6"
1984,03,"Març","9.0"
1984,04,"Abril","12.7"
1984,05,"Maig","13.5"
1984,06,"Juny","19.4"
1984,07,"Juliol","23.9"
1984,08,"Agost","22.3"
1984,09,"Setembre","19.2"
1984,10,"Octubre","15.8"
1984,11,"Novembre","13.0"
1984,12,"Desembre","8.7"
1985,01,"Gener","4.3"
1985,02,"Febrer","10.7"
1985,03,"Març","9.5"
1985,04,"Abril","14.0"
1985,05,"Maig","14.7"
1985,06,"Juny","19.3"
1985,07,"Juliol","24.8"
1985,08,"Agost","22.6"
1985,09,"Setembre","22.8"
1985,10,"Octubre","17.6"
1985,11,"Novembre","9.7"
1985,12,"Desembre","9.6"
1986,01,"Gener","7.4"
1986,02,"Febrer","7.3"
1986,03,"Març","10.8"
1986,04,"Abril","10.8"
1986,05,"Maig","18.4"
1986,06,"Juny","20.4"
1986,07,"Juliol","23.7"
1986,08,"Agost","23.7"
1986,09,"Setembre","21.4"
1986,10,"Octubre","17.4"
1986,11,"Novembre","12.8"
1986,12,"Desembre","9.0"
1987,01,"Gener","6.9"
1987,02,"Febrer","8.0"
1987,03,"Març","9.8"
1987,04,"Abril","13.8"
1987,05,"Maig","15.1"
1987,06,"Juny","19.6"
1987,07,"Juliol","23.7"
1987,08,"Agost","24.3"
1987,09,"Setembre","23.9"
1987,10,"Octubre","16.9"
1987,11,"Novembre","11.2"
1987,12,"Desembre","10.8"
1988,01,"Gener","9.5"
1988,02,"Febrer","8.6"
1988,03,"Març","11.2"
1988,04,"Abril","13.1"
1988,05,"Maig","16.3"
1988,06,"Juny","19.8"
1988,07,"Juliol","23.7"
1988,08,"Agost","24.3"
1988,09,"Setembre","21.2"
1988,10,"Octubre","17.8"
1988,11,"Novembre","11.8"
1988,12,"Desembre","8.8"
1989,01,"Gener","8.8"
1989,02,"Febrer","10.5"
1989,03,"Març","12.4"
1989,04,"Abril","11.9"
1989,05,"Maig","17.8"
1989,06,"Juny","21.2"
1989,07,"Juliol","25.0"
1989,08,"Agost","24.4"
1989,09,"Setembre","20.0"
1989,10,"Octubre","17.7"
1989,11,"Novembre","12.7"
1989,12,"Desembre","11.2"
1990,01,"Gener","9.0"
1990,02,"Febrer","12.5"
1990,03,"Març","12.6"
1990,04,"Abril","12.3"
1990,05,"Maig","18.1"
1990,06,"Juny","20.1"
1990,07,"Juliol","24.2"
1990,08,"Agost","24.6"
1990,09,"Setembre","21.5"
1990,10,"Octubre","17.1"
1990,11,"Novembre","10.9"
1990,12,"Desembre","6.7"
1991,01,"Gener","8.1"
1991,02,"Febrer","8.0"
1991,03,"Març","11.8"
1991,04,"Abril","11.5"
1991,05,"Maig","14.0"
1991,06,"Juny","19.7"
1991,07,"Juliol","24.3"
1991,08,"Agost","24.6"
1991,09,"Setembre","22.0"
1991,10,"Octubre","15.1"
1991,11,"Novembre","10.9"
1991,12,"Desembre","8.5"
1992,01,"Gener","7.1"
1992,02,"Febrer","8.9"
1992,03,"Març","11.0"
1992,04,"Abril","13.7"
1992,05,"Maig","17.7"
1992,06,"Juny","17.6"
1992,07,"Juliol","22.5"
1992,08,"Agost","24.3"
1992,09,"Setembre","20.5"
1992,10,"Octubre","14.4"
1992,11,"Novembre","13.4"
1992,12,"Desembre","9.2"
1993,01,"Gener","9.0"
1993,02,"Febrer","8.2"
1993,03,"Març","10.2"
1993,04,"Abril","12.8"
1993,05,"Maig","17.0"
1993,06,"Juny","21.5"
1993,07,"Juliol","22.6"
1993,08,"Agost","24.3"
1993,09,"Setembre","19.6"
1993,10,"Octubre","14.5"
1993,11,"Novembre","10.5"
1993,12,"Desembre","9.3"
1994,01,"Gener","8.4"
1994,02,"Febrer","9.5"
1994,03,"Març","13.1"
1994,04,"Abril","12.3"
1994,05,"Maig","17.2"
1994,06,"Juny","20.9"
1994,07,"Juliol","25.9"
1994,08,"Agost","25.7"
1994,09,"Setembre","19.7"
1994,10,"Octubre","16.1"
1994,11,"Novembre","14.0"
1994,12,"Desembre","9.7"
1995,01,"Gener","8.6"
1995,02,"Febrer","11.5"
1995,03,"Març","10.9"
1995,04,"Abril","14.0"
1995,05,"Maig","17.2"
1995,06,"Juny","19.6"
1995,07,"Juliol","25.0"
1995,08,"Agost","23.3"
1995,09,"Setembre","18.7"
1995,10,"Octubre","18.3"
1995,11,"Novembre","12.9"
1995,12,"Desembre","10.1"
1996,01,"Gener","10.2"
1996,02,"Febrer","7.7"
1996,03,"Març","9.9"
1996,04,"Abril","13.2"
1996,05,"Maig","16.2"
1996,06,"Juny","21.2"
1996,07,"Juliol","23.4"
1996,08,"Agost","22.7"
1996,09,"Setembre","18.3"
1996,10,"Octubre","15.8"
1996,11,"Novembre","11.4"
1996,12,"Desembre","9.7"
1997,01,"Gener","8.7"
1997,02,"Febrer","11.4"
1997,03,"Març","13.9"
1997,04,"Abril","14.1"
1997,05,"Maig","17.6"
1997,06,"Juny","20.2"
1997,07,"Juliol","22.5"
1997,08,"Agost","24.6"
1997,09,"Setembre","21.7"
1997,10,"Octubre","18.9"
1997,11,"Novembre","12.6"
1997,12,"Desembre","9.3"
1998,01,"Gener","8.8"
1998,02,"Febrer","11.0"
1998,03,"Març","12.2"
1998,04,"Abril","12.7"
1998,05,"Maig","17.7"
1998,06,"Juny","20.9"
1998,07,"Juliol","23.7"
1998,08,"Agost","24.3"
1998,09,"Setembre","20.7"
1998,10,"Octubre","15.9"
1998,11,"Novembre","10.8"
1998,12,"Desembre","8.7"
1999,01,"Gener","8.8"
1999,02,"Febrer","8.6"
1999,03,"Març","11.6"
1999,04,"Abril","13.7"
1999,05,"Maig","18.6"
1999,06,"Juny","20.5"
1999,07,"Juliol","23.4"
1999,08,"Agost","24.6"
1999,09,"Setembre","21.7"
1999,10,"Octubre","17.0"
1999,11,"Novembre","9.6"
1999,12,"Desembre","9.0"
2000,01,"Gener","7.7"
2000,02,"Febrer","11.4"
2000,03,"Març","12.6"
2000,04,"Abril","13.3"
2000,05,"Maig","18.3"
2000,06,"Juny","21.0"
2000,07,"Juliol","22.8"
2000,08,"Agost","24.5"
2000,09,"Setembre","21.0"
2000,10,"Octubre","16.0"
2000,11,"Novembre","11.3"
2000,12,"Desembre","11.0"
2001,01,"Gener","9.9"
2001,02,"Febrer","10.1"
2001,03,"Març","14.8"
2001,04,"Abril","13.8"
2001,05,"Maig","18.2"
2001,06,"Juny","21.9"
2001,07,"Juliol","23.7"
2001,08,"Agost","25.0"
2001,09,"Setembre","19.6"
2001,10,"Octubre","19.4"
2001,11,"Novembre","10.7"
2001,12,"Desembre","6.8"
2002,01,"Gener","9.2"
2002,02,"Febrer","11.1"
2002,03,"Març","12.3"
2002,04,"Abril","13.7"
2002,05,"Maig","15.5"
2002,06,"Juny","22.3"
2002,07,"Juliol","22.9"
2002,08,"Agost","21.6"
2002,09,"Setembre","19.9"
2002,10,"Octubre","17.4"
2002,11,"Novembre","13.0"
2002,12,"Desembre","10.4"
2003,01,"Gener","7.9"
2003,02,"Febrer","7.1"
2003,03,"Març","12.1"
2003,04,"Abril","14.0"
2003,05,"Maig","18.0"
2003,06,"Juny","25.6"
2003,07,"Juliol","26.1"
2003,08,"Agost","28.5"
2003,09,"Setembre","20.8"
2003,10,"Octubre","15.2"
2003,11,"Novembre","12.7"
2003,12,"Desembre","8.8"
2004,01,"Gener","9.4"
2004,02,"Febrer","8.6"
2004,03,"Març","10.0"
2004,04,"Abril","12.8"
2004,05,"Maig","16.2"
2004,06,"Juny","22.4"
2004,07,"Juliol","23.5"
2004,08,"Agost","25.1"
2004,09,"Setembre","21.4"
2004,10,"Octubre","18.9"
2004,11,"Novembre","11.4"
2004,12,"Desembre","9.3"
2005,01,"Gener","7.2"
2005,02,"Febrer","6.5"
2005,03,"Març","10.2"
2005,04,"Abril","14.0"
2005,05,"Maig","18.8"
2005,06,"Juny","23.4"
2005,07,"Juliol","24.4"
2005,08,"Agost","23.0"
2005,09,"Setembre","20.7"
2005,10,"Octubre","17.9"
2005,11,"Novembre","11.1"
2005,12,"Desembre","6.6"
2006,01,"Gener","7.4"
2006,02,"Febrer","8.5"
2006,03,"Març","12.0"
2006,04,"Abril","15.1"
2006,05,"Maig","18.7"
2006,06,"Juny","22.1"
2006,07,"Juliol","27.1"
2006,08,"Agost","22.8"
2006,09,"Setembre","21.6"
2006,10,"Octubre","18.8"
2006,11,"Novembre","14.6"
2006,12,"Desembre","10.0"
2007,01,"Gener","9.9"
2007,02,"Febrer","11.4"
2007,03,"Març","12.1"
2007,04,"Abril","15.0"
2007,05,"Maig","17.9"
2007,06,"Juny","22.0"
2007,07,"Juliol","23.6"
2007,08,"Agost","22.5"
2007,09,"Setembre","20.6"
2007,10,"Octubre","16.4"
2007,11,"Novembre","11.2"
2007,12,"Desembre","8.8"
2008,01,"Gener","10.1"
2008,02,"Febrer","10.2"
2008,03,"Març","10.8"
2008,04,"Abril","13.7"
2008,05,"Maig","16.6"
2008,06,"Juny","20.7"
2008,07,"Juliol","23.8"
2008,08,"Agost","24.3"
2008,09,"Setembre","20.7"
2008,10,"Octubre","16.5"
2008,11,"Novembre","10.3"
2008,12,"Desembre","7.5"
2009,01,"Gener","7.2"
2009,02,"Febrer","8.7"
2009,03,"Març","11.2"
2009,04,"Abril","13.1"
2009,05,"Maig","18.8"
2009,06,"Juny","23.0"
2009,07,"Juliol","24.4"
2009,08,"Agost","26.3"
2009,09,"Setembre","21.5"
2009,10,"Octubre","17.9"
2009,11,"Novembre","13.5"
2009,12,"Desembre","9.0"
2010,01,"Gener","6.6"
2010,02,"Febrer","8.0"
2010,03,"Març","9.6"
2010,04,"Abril","14.1"
2010,05,"Maig","15.4"
2010,06,"Juny","20.3"
2010,07,"Juliol","25.7"
2010,08,"Agost","24.3"
2010,09,"Setembre","20.9"
2010,10,"Octubre","16.2"
2010,11,"Novembre","11.0"
2010,12,"Desembre","8.5"
2011,01,"Gener","8.4"
2011,02,"Febrer","10.0"
2011,03,"Març","10.9"
2011,04,"Abril","15.9"
2011,05,"Maig","18.3"
2011,06,"Juny","19.5"
2011,07,"Juliol","21.2"
2011,08,"Agost","24.1"
2011,09,"Setembre","22.9"
2011,10,"Octubre","19.1"
2011,11,"Novembre","14.1"
2011,12,"Desembre","10.2"
2012,01,"Gener","9.4"
2012,02,"Febrer","6.8"
2012,03,"Març","13.4"
2012,04,"Abril","12.6"
2012,05,"Maig","17.9"
2012,06,"Juny","22.3"
2012,07,"Juliol","23.2"
2012,08,"Agost","26.0"
2012,09,"Setembre","21.4"
2012,10,"Octubre","17.3"
2012,11,"Novembre","12.7"
2012,12,"Desembre","9.9"
2013,01,"Gener","9.1"
2013,02,"Febrer","7.7"
2013,03,"Març","11.2"
2013,04,"Abril","13.5"
2013,05,"Maig","14.6"
2013,06,"Juny","19.5"
2013,07,"Juliol","25.6"
2013,08,"Agost","24.9"
2013,09,"Setembre","22.0"
2013,10,"Octubre","19.5"
2013,11,"Novembre","12.2"
2013,12,"Desembre","10.1"
2014,01,"Gener","9.8"
2014,02,"Febrer","10.1"
2014,03,"Març","12.3"
2014,04,"Abril","15.3"
2014,05,"Maig","16.2"
2014,06,"Juny","21.7"
2014,07,"Juliol","22.6"
2014,08,"Agost","23.0"
2014,09,"Setembre","22.0"
2014,10,"Octubre","19.6"
2014,11,"Novembre","13.6"
2014,12,"Desembre","9.1"
2015,01,"Gener","9.1"
2015,02,"Febrer","8.2"
2015,03,"Març","12.0"
2015,04,"Abril","14.8"
2015,05,"Maig","19.1"
2015,06,"Juny","23.2"
2015,07,"Juliol","26.0"
2015,08,"Agost","23.5"
2015,09,"Setembre","19.7"
2015,10,"Octubre","16.7"
2015,11,"Novembre","14.3"
2015,12,"Desembre","12.6"
2016,01,"Gener","10.7"
2016,02,"Febrer","11.3"
2016,03,"Març","11.1"
2016,04,"Abril","13.6"
2016,05,"Maig","16.4"
2016,06,"Juny","21.6"
2016,07,"Juliol","24.9"
2016,08,"Agost","24.5"
2016,09,"Setembre","22.3"
2016,10,"Octubre","17.1"
2016,11,"Novembre","12.7"
2016,12,"Desembre","11.5"
2017,01,"Gener","7.9"
2017,02,"Febrer","11.4"
2017,03,"Març","13.3"
2017,04,"Abril","14.2"
2017,05,"Maig","18.3"
2017,06,"Juny","23.6"
2017,07,"Juliol","24.2"
2017,08,"Agost","24.5"
2017,09,"Setembre","19.5"
2017,10,"Octubre","18.6"
2017,11,"Novembre","12.5"
2017,12,"Desembre","8.5"
2018,01,"Gener","10.5"
2018,02,"Febrer","6.7"
2018,03,"Març","10.8"
2018,04,"Abril","14.7"
2018,05,"Maig","17.1"
2018,06,"Juny","21.5"
2018,07,"Juliol","25.3"
2018,08,"Agost","25.8"
2018,09,"Setembre","22.5"
2018,10,"Octubre","17.0"
2018,11,"Novembre","12.4"
2018,12,"Desembre","11.1"